1340,3,1341,430,911,681,1717,126
55,1080,147,140,639,682,105,1081,4,93,1718,301
302,147,1082,785,1083,32,384,103,0,351
69,3,107,107,270,576,603,150,914
452,453,97,683,5,71,63,845,1508,1342,353,2,81,410,684,182,1721,846,242,431,201,61,1343,243,114,640,1722,185,185,1723,1085,1192,847,200
79,108,786,1344,685,244,739,510,454,140,151,604,109,303,1724,787,192
19,19,38,915,385,1725,28,478,109,262,1345,1086,479,1346,1082,411,263
848,245,44,480,1087,481,138,8,64,231
3,1347,111,849,987,111,482,31,370,201,61
115,22,20,135,988,126,158,686,685,850,847,851,9,2,13,687,510,454
21,740,45,17,65,788,916,386,115,605,158,1088
741,21,688,1726,84,989,0,1348,12,159
161,72,789,578,41,917,606,306,236,28,690,918,1193,28,264
14,86,87,354,218,1089,219,65
307,295,129,23,162,456,412,355,275,545
1,41,49,791,76,1195,580,1732,387,546,286
1509,212,512,82,608,1350,248,852
1510,9,742,853,1733,1351,1341,213
482,183,129,21,993,173,341,1734,0,57,1511,57,80,1735,174,413,20,1196,152,1736,994,921
233,99,147,48,98,135,112,547,6,922,123,411,1513,147,325,1512
31,219,97,8,324,219,37,137,1352,3,25,919,434,11,97
95,0,388,642,745,228,1,183,851,746,0,24,1516,214
1092,1197,3,1737,33,1353,483,3,11,389,548,24,237,161
3,692,794,131,579,643,1093,643,579,131
5,693,644,16,48,610,231,1512
242,647,695,171,645,414,0,1721,77,996,747,1354,174,27
338,648,229,649,1521,997,151,648,415,689
1358,311,136,38,0,437,416,1359,1095,371,22
5,203,6,161,230,387,327,387,1741,1348,999
168,797,797,4,515,17,0,696
311,697,236,1096,155,516,438,436,1199,925,313,279,1522,517,1000,550,1742,1200
488,1201,798,797,611,452,356,357,182,112
184,196,12,1097,236,1001,206,27,1201,417,173,1354,1360,214,12,79,342,203
1098,206,27,112,5,269,489,744,698,314,68,1099,799,357,1202,518,1523
165,183,64,5,749,11,548,24,581,237
392,29,2,490,800,518,26,134
20,692,1,215,1203,25,66,124,19,24,237
251,687,127,1100,1525,11,393,95,1101
1004,130,1526,81,1361,328,32,1746,739,737,1527,1747,3,263,1353
394,1102,24,1528,130,33,1748,344,844
157,926,1529,2,520,606,148,41
310,118,1360,280,1103,386,5,103,147,1749,1100,1353
551,4,359,28,48,164,288,927
1751,1752,1530,1354,27,1531,0,282
551,789,926,309,1745,1205,1748,344,844
165,1,179,310,250,115,12,523,360,1206,165,1207,85,251
69,24,1082,6,857,1100,100,87,454
131,252,66,340,582,43,858,1753,576,603
578,17,202,1529,2,100,42,41
207,66,1754,1755,801,211,98,701,101,752,251,6,928,613
551,165,289,91,251,693,1747,139,851,102,139,26
344,75,311,1732,930,1199,283,194
110,484,1089,615,354,484,188,1
1209,86,1761,997,1737,1738,1106,61
37,137,95,554,651,110,228,35,1762,8,24
110,228,911,201,61,2,69,111
1763,613,76,33,1009,745,228,53
146,235,186,44,805,44,68,32
175,786,97,524,123,1535,343,179,525,988,25,244,175,652,79,200,28,440,281,180,489
152,1367,200,584,64,12,122,862,705,847,147,43,1010,685,1754,143,151,441,1536,706,303
1207,1764,411,121,691,931,203,84
148,0,290,22,42,1537,27,355,129,21
1207,64,454,96,1368,17,110,19,653,152
1210,555,458,1369,932,252,142,863,114
87,12,297,754,755,155,186,193,1211,142
459,526,577,128,33,47,576,603
76,33,8,745,228,53,489,1537,143
1538,556,26,155,57,253,25,232
208,585,57,80,16,928,68,60,546,298,1765,995,60,806,492,6,42
159,52,48,172,416,60,6,254,798
129,82,222,148,81,88,557,100,188,156,278,97
1103,61,39,396,397,284,3,442,556
12,1194,649,435,1539,527,25,756,1766,1107,34,613,6,851,47,603,36,52,218,933,374,864,238,97,419,1371,330
187,493,363,252,81,30,111,354,648,1767
158,1768,807,51,95,230,30,792,605
330,49,375,129,273,861,431,14,708
1771,150,936,197,312,143,861,431,58,353,183,511,1543
225,1217,365,104,9,8,937,165,705
79,1717,24,126,1218,331,366,861,431,183,418
112,130,256,938,1544,117,417,461,42,22,376,5,1013,162
33,218,141,6,1014,1109,60,585,741,257,917,316
136,331,415,615,526,297,17,1545,363,35,1015,938,71,61,709,106
50,113,362,197,16,151,397,23,1372,8,1772,516,865,462,1016
490,1109,214,241,107,27,5,32,377
1717,197,284,197,1773,159,1772,331,23,61
176,280,110,1374,27,82,1541,1214,23,284,367,6,496
1374,138,39,1776,1777,616,462,98,138,52,587,291,517,865,576,603,1541,1214,1111
116,292,183,317,3,80,74,1219,155
1765,301,108,39,177,67,209,193
40,613,1219,215,617,272,100,420,421,112,172,1220,61,559,287,5
1018,180,1373,189,747,526,940,914,1546
17,795,32,55,1095,1221,1749,1375,206
709,22,44,1222,363,26,1543,33
1,58,547,1763,1376,20,1548,34,19
342,384,21,99,384,19,342,119,186
242,102,273,60,526,1228,384,460,342,119,186,117,264,61
751,173,196,1113,360,865,300,587,17,1779,1020,7
761,304,846,40,81,499,206,1780
642,417,387,76,201,61,79,171,299,142,141,39,1365,1366
175,379,89,741,155,861,431,117,10,1021
33,1229,59,2,1114,1382,112,230,702,396
168,211,530,193,264,997,25,258,91,211,1103,690,869
9,48,2,741,155,33,352,120,24
6,548,6,49,1781,856,32,166,500,0,85,5
415,3,211,264,807,293,42,22,198,942,712,1385,50,223,181,805
1085,1022,713,1554,25,75,80,3,867,991,0,80
590,399,292,74,136,531,656,8,1775,1023,1024,211,399,1783,1784,1016
2,807,871,74,254,180,119,329,282,714,284,1386,27
715,75,1116,3,319,711,164,168,374,526,100,55,206,871,153,74,1387,1025,5
576,603,79,95,256,136,246,798,386,89,513,17,26,61
521,1785,1363,861,431,283,1389,21,79,140,943,793,60
379,740,1088,445,6,9,2,170,0,1555
13,197,850,214,206,561,13,51,274,1211,1556,177,65,390,809,1786,578,117,0,1025,5
2,146,0,1555,65,1557,35,5,333,376
292,65,342,12,1228,1236,21,119,186
72,1788,869,182,871,16,168,790,587,1118,186
490,1109,181,386,214,657,501,2,178,658,1718,1028
400,938,871,43,31,264,61,299,142,63,64,316,334,102,50,646
129,688,401,142,58,3,464,61,609,496,253
283,1555,1557,376,1371,42,60,332
107,14,33,186,1391,181,98,811
119,1718,1028,1793,118,181,21,105,219
1119,197,522,517,373,10,526,40,117
483,585,117,74,364,10,11,63,622,15,373
235,20,1221,352,11,189,452,412,177,577
559,297,466,512,115,1,1209,59,2
258,374,945,19,1564,112,10,1241,1390,256
38,501,1,2,623,1393,740,61
1565,201,61,78,446,0,1120,53,344,844,181,21
22,861,431,42,1794,107,246,0,136
2,94,231,17,150,120,1032,660
1034,1243,81,319,42,1035,74,1568,1122
2,181,1561,1530,26,90,624,1795,12,415,373,139
373,576,603,45,168,139,59,2
45,289,1570,39,367,14,875,144,402,114,1219
486,361,526,336,876,149,129,355,95,23
16,151,22,43,154,169,460,97,7
67,287,1796,1122,1225,63,877,95,554
266,1123,1115,135,517,136,32,55,1031
125,373,32,234,762,242,144,7
105,74,40,152,588,1797,551,1,2
868,144,92,119,344,52,6,411
400,1572,618,404,380,0,1560,12
626,58,50,100,140,12,344,754,205,514,511
130,737,929,1037,844,287,708,7
394,576,603,592,373,135,749,107
59,2,3,30,62,66,39,438,878,1396,1794,183,335,199
6,121,10,164,19,144,86,1
661,1799,207,411,28,103,96,157
1396,183,218,392,134,180,1564,441,8,150,118,90,41
315,1,2,606,87,1246,247,1397
13,144,86,1087,241,1800,371,177
483,1221,1352,612,36,1124,207,8,566
285,48,30,113,547,324,190,47,433,879,179,405,510,1801,20,29,177,135,145,1038,1125,275
202,343,230,20,10,82,557,1574,18,266,1399,131,0,131,147,463,57
1039,661,37,137,95,0,53,692,717,391,3,262,330,19
38,48,1575,98,792,567,1247,244,699,152,21,103,197,301,244,1104
145,38,718,36,197,190,28,1513,244,132,503,220,243,262,108,330
86,38,42,206,157,487,200,232,56,1040,81,121,365,314
1248,38,662,918,132,503,288,1802,1041,1576,28,320,914
281,1401,1348,112,8,1577,415,1402,1403,1042,791,297
118,348,948,84,763,293,77,0,628,75,37,17,5,610,432,231,163,918,32,190,168,112
1097,120,424,1113,173,1126,155,1249,311,940,381,1578,1357,663
1735,1805,611,1806,1403,1250,170,0,134,235
1807,17,4,52,48,5,172,1808,335,84,761,581,0,525
59,2,441,41,75,1021,630,84,300,607,150,118
848,321,131,19,116,1809,55,1810,1404,116,259,1405,414,270,545,52,278
1039,661,209,134,1511,0,77,41,0,231
278,918,57,1813,252,76,3,1814,273,1385,403,0,1815
1237,1043,1756,1082,1816,46,487,1404
692,14,86,1,2,56,1518,325
75,77,163,151,467,627,385,270
1045,251,704,1251,228,1252,765,294,627,719,61
661,29,49,15,1127,405,348,0,439
59,2,1,1039,661,1206,90,1408,85,381,273,469
96,288,266,25,291,266,3,4,491,1580,10,218,447,85
2,13,16,6,164,942,605,288,99
1582,50,1409,126,766,35,1255,1811,1229
339,1818,1357,547,266,93,33,1819,51,263
187,493,92,110,15,266,880,84,491,1257,52
1129,23,294,30,745,185,77,12,36,127,210,7
952,46,8,439,5,102,165,1132,211,420,124,195
199,4,412,470,748,8,425,136
2,5,85,23,1093,29,792,185,124,100,87,568
31,13,34,29,371,135,544,1357,553
70,480,767,484,66,143,662,333,1778,34,3,1021
16,922,14,43,462,85,37,66,767,484,4
16,1,174,348,9,627,1132,309,1045,953
467,130,1370,467,211,377,39,76,1820,439,12,1410,1045,97,1376,443,211,419,199,470
816,209,213,91,171,114,426,37,58
38,96,1045,199,89,335,158,335,156,817,593,1808,335
661,4,129,128,4,161,952,87,31,881,484,1089
131,1821,11,9,199,665,797,1048,40,24,246,37,332,5,108,216
1581,1129,40,13,34,67,32,614,96,248,87,624,30,10,57,50
1580,1208,85,209,309,276,15,348
1258,1411,1259,882,81,5,954,335,199,469,94,348
67,207,182,295,166,247,550,348
81,954,470,956,1260,666,1129,1,207,817,1048
65,207,117,4,276,1133,1129,4,233
6,275,518,415,149,871,57,136,370,294
742,1134,0,437,29,198,10,26,16,6,224,39,294
434,3,48,2,281,1359,914,883,1810
52,294,767,667,134,586,194,159,146,90,5,84,45,334
1,72,23,135,427,63,1254,4
44,58,23,8,5,34,722,558,148,22,203,32,702,72,15
1039,661,1,291,1580,756,1132,627
75,136,1261,1412,84,3,80,660,199,274,46
1586,1049,23,955,50,588,319,467,105,707,427
2,67,1132,14,142,1,4,57
28,223,1,460,32,1587,20,754,88,722,5,84,199
2,1812,1588,45,4,579,16,942,8,53
235,138,291,37,5,4,9,156,58
1039,661,104,1583,237,301,439,137,629
626,21,113,162,291,161,13,36,872,37,439
16,67,24,30,45,569,1193,46,1590,182,378,20,130,123,460,32,6,275
40,1807,417,1400,398,6,56,4,491,595,156,547,1824,1416
44,53,465,17,1519,1825,1050,354,641,77,209,719
209,0,139,76,4,329,19,19,9,57
25,228,1826,0,1405,485,265,22,294
2,1417,427,23,290,1591,1373,185,143
79,132,51,1038,125,21,292,154,32,10,37,3,579,16,4,1827,957
745,185,115,50,35,485,198,32,102,1828,68
113,143,528,299,228,22,1208,265,8,381,1137,1239
59,2,951,27,159,1829,80,378,452,81,259,1263,1594
9,156,1212,119,281,1023,1742,84
479,113,1595,385,187,282,298,73,6,49,589,467,627
2,149,309,3,108,38,271,7
127,757,93,100,1024,38,37,137,99,533,444,955,333,23,57,50
160,14,121,1771,698,32,71,504,112
145,251,801,48,2,9,510,627
868,165,1831,36,52,142,773,629,81,752,10,139
90,441,31,199,27,123,448,1007
18,453,99,534,0,752,132,30,25
16,86,1,2,310,76,15,56
1248,1,2,1800,98,230,303,614
46,110,471,324,535,394,998,142
1027,134,449,628,445,1141,146,41,148,173,666,471,763,35,958,179,368
10,565,329,1599,152,1210,176,418,134,1751,5,43,126,87,471,0,1420
703,145,448,129,75,15,1419,381,646,262,232,330,53
8,93,290,279,1260,33,17,90,821,1053,1835,1805,1836,43,367,1837
110,1421,611,1264,1039,661,360,139,0,264,33,951,93,467,281,184,85
59,2,564,155,84,3,80,17,41,822,1602,1265
129,521,61,264,79,17,1266,33
479,111,1408,0,945,1016,25,110,19,113,22,1267
632,57,1603,76,94,291,148,22
661,291,1524,37,586,303,467,627
253,39,58,82,264,802,1419,381,190,130,1604,155,1229,26
701,1145,17,279,785,1605,359,85,1418,169,80,0,1805,381,46
104,9,1,2,249,264,118,597,279,35,285,248,33
651,146,1423,1838,1080,453,1272,917,68,449,404,19,1834,1272,300,27,41,1383,2,2,823,1100,121,1839
262,489,200,1722,581,1146,1424,792,67,1840,699
1147,200,75,581,1192,138,16,51,1225,30,124,1103,606,725
1273,4,176,10,0,1425,147,454,4,683,1797,706,4,17,5,419,773
472,513,274,875,19,32,10,0,205,1426
36,202,11,8,322,578,87,1148,297
917,12,58,1116,529,292,243,871
548,1841,1149,135,886,586,59,2
38,38,105,105,69,72,255,65,727,323,323,182,85,79,1842
366,162,33,67,510,232,467,1416,582,1419,381,72,206
1843,2,1408,291,1225,5,32,561,438,1609
315,1140,180,1133,205,24,1274,78,296,887
888,209,162,43,31,236,1112,61,201,61
25,1218,249,22,203,416,38,229,501
203,21,39,2,1230,878,25,211,3,959,889,787,192,1100,68,449,5,1813,196,863,1126
1054,452,1,2,1150,55,311,1426,1275
198,960,349,11,614,124,1273,140,7
8,706,126,36,8,1276,56,1151
34,36,605,85,478,759,1056,787,423
14,63,1,59,2,561,388,108,116,69,561,820
1844,1277,404,123,498,245,81,58,51,13,63,5
1084,890,3,185,342,195,723,395
59,2,750,68,363,170,26,331,38,651
824,115,825,416,80,22,42,15
157,42,370,1122,494,239,136,223,1225,1057
824,564,89,1058,860,15,158,416,42,632,22,883,766,1399,82,1846,1428,507
32,535,4,37,250,0,3,507,1778
824,1773,0,1846,1025,761,0,27,2,563,0,628,0,298,1058,827,375,222,142,1084,239
238,141,15,48,161,55,136,37,1408,389,226
190,103,766,469,1422,3,1389,213,570
824,1427,325,147,1038,823,213,55,259,97,766,190
589,407,51,1546,195,79,308,766
34,1247,190,528,828,550,1422,294,1427,0,752
9,1268,1380,191,145,1827,774,89
1038,211,123,18,55,11,15,1153,891,234
93,1148,1412,0,798,667,28,159
2,710,236,155,1058,76,15,1613,215,158,51
993,991,663,242,658,15,89,79,425,1430,214,607
1030,143,1613,396,122,669,1154,430,376
1614,188,560,141,642,69,112,78,20,546,191,463,15
999,775,225,412,301,69,1030,143,1279,1613,233,6,233,1431,716,231,6,1848,1849,1850,889,449,188,570,1427
289,776,279,100,815,229,40,42,12,112,360,546,12,274,656,8,89
1433,229,3,751,360,239,58,0,80,76,381,1851,1255,1134,89,1058
608,1280,27,17,1266,12,271,80,591,3,628,403,0,608
223,292,246,80,1255,231,90,35,670,27,1156,335,199
89,1430,0,1148,2,1426,1275,23,5,800,1059,0,239,298
535,633,12,48,671,1853,0,800
16,4,872,92,1347,876,102,331,184,523
103,1151,452,304,3,465,522,570,963,108,10,178,434
90,804,24,18,396,570,848,434,207,31,1575,233,48,717,467,627
9,86,325,726,141,53,146,527,201,61,810,321,71,121,460,120,1276,85,348,627,1824,1416,20,102,1408,31,711,141,81,30
892,31,427,169,4,701,357,164
87,348,3,294,5,1045,247,427,517,1832,81,53,185
19,38,291,10,218,321,269,1191,517,705
5,85,90,3,52,33,6,385,1380
43,524,303,291,39,586,3,1038,823,213
129,82,264,65,469,570,64,1418,274,672,324
366,162,95,0,890,408,0,570,1427,351,105
16,148,627,294,245,234,962,7
1417,4,579,164,30,4,99,25,30,813
177,964,3,68,1125,813,949,1618
28,1854,144,267,1,59,2,146,271,80,186,431,201,61,177,1152,156,126,5,6,1619
4,1038,1839,98,169,480,949,1618
6,893,60,12,12,130,469,1272,852,880,1280,98,29,179,708,362,940,503,143,587,609,351,4,56,565
192,1157,518,581,1620,69,351,20,393,622,1855
653,1621,20,96,1364,405,48,2
171,192,1157,283,128,0,0,365,140,1429,182,24
132,301,927,215,1140,110,166,179,1800
631,53,77,104,15,87,482,1622
218,948,1158,13,100,163,810,1006
152,743,818,3,1,2,55,77,118,41
1222,28,323,446,109,90,88,567
347,107,860,1833,1720,577,494,81,55,1718,1858,1531,133,473,543,35,320,275
1604,162,31,547,177,6,153,0
8,344,844,111,291,28,576,603,77
263,123,24,831,1526,857,45,37,137,1352,3,25,8,324
152,39,528,24,654,140,441,1859,212,405,99,1284,584
28,172,3,120,24,592,52,190,525,97
121,44,11,122,164,207,142,3,281,34,1094
1727,134,249,206,1088,660,1196,213,61
17,313,65,945,1860,246,208,107,311,82,1000,208,1027,335,1861,196,432,462
130,1280,992,1119,432,60,406,1261,293,404,1285,1150
176,1795,125,570,256,236,253,38,648,1436,689
107,1527,532,5,962,528,814,689,1240
11,55,241,24,1862,34,965,1863
338,924,22,549,1150,203,951,47,433,879,74,159,90,173,386,35,159
59,2,443,48,148,22,626,606,17,142,69,432,487
63,1,448,504,8,315,34,1159
176,1145,665,72,180,1286,209,17,225,832,0,751,27
51,126,1,2,193,85,13,98
419,347,39,443,192,1558,276,562
797,79,484,66,57,235,8,56,639,4,99,13,589,7
1032,17,23,1124,27,47,433,879
54,33,1,43,965,9,443,31,7
4,29,192,4,29,62,4,52,828,36,1153,116,43,730,98,23,57,50
83,1,2,475,154,219,101,588
95,83,123,229,1212,252,66,25,502,1437
2,272,224,83,277,5,759,66
83,1552,1864,719,253,76,85,159,428,184,7
149,97,273,34,83,6,149,833
396,9,59,2,1362,717,868,330,1398,353
25,1041,252,484,1089,1405,633,97
219,542,208,595,484,66,942,103,703,8,1865,81,31
2,165,68,187,162,127,96,195,796
598,542,97,81,642,491,428,63,803,16,942,1159
96,650,83,833,560,285,15,486,428
4,102,46,730,171,34,1550,1287
1,52,620,747,51,34,328,1035
62,52,278,4,113,1278,0,85,777,113,428,7
193,285,1002,313,1,96,1626,156,107,4,31
216,78,95,395,30,73,149,162,389,216,36,7
2,216,605,129,83,23,26,7
310,6,153,96,36,107,453,263,894
96,36,428,107,171,894,692,149,334,69
16,83,29,1278,185,474,693,1,4,164,9,191
1,486,294,4,1867,139,74,778,1159,35,1,693,40,10,1439,135,274,639,10,15
91,160,76,1288,1289,1119,616,432,1628
135,16,168,1372,1060,41,1288,334,1097,1048,527,1440
474,536,23,33,1758,272,83,23,26
456,43,1441,12,619,323,4,135,307
428,1,46,57,56,1441,245,912
257,272,178,185,375,73,83,1,51,126,83,49,560,428,1,4,56,57
40,1212,73,125,66,1437,171,156,693,83,514,1601,294,139,23,26,53,571
474,23,15,1218,25,15,87,15,136,1868,323,331,61
149,709,71,1868,366,117,136,51,1544,149,507,17,3
1544,1,6,275,589,105,102,41
2,51,105,38,156,219,384,89,0,289
53,36,619,323,307,45,122,46,1869,320,1222,15,135,285,1629,4,724,1629,1788,657
1,97,6,398,296,22,709,125
195,272,149,195,520,32,147,474,195,51,4,17,1870,334
18,118,28,1,2,683,103,18,254,1061,351
104,1003,24,403,0,104,126,0
104,182,686,1532,640,473,1037,177
1765,196,27,122,770,547,1442,310,1371,863
283,8,1443,77,0,194,113,31,391,10,32,1725
59,2,146,450,142,1246,79,481,247,755,754,155,660,319,1871,966
75,114,666,471,740,779,26,134,744,436,17,27
51,296,1145,237,1096,357,130,1771,11,698
168,611,120,1120,470,8,1000,1096
90,82,698,615,462,587,376,1262,1388,31
307,47,506,237,0,706,441,41,470
140,107,0,1096,96,1872,174,383
12,125,1576,341,76,316,80,673,1093,57,236,206
118,27,140,271,80,1141,1873,48,0,448,504,1159,40,280
34,280,97,118,140,123,488,747,1383,169,3,3,1060,3
3,1150,25,1098,1150,252,71,632
9,91,74,1574,168,10,50,162,488,130,853,36,23,50,256
188,115,485,188,125,162,1874,168
140,57,1285,1875,1511,1360,9,1285,404,1043,1876,1050
20,53,341,4,242,109,0,404
1290,123,120,20,29,26,85,86
168,62,105,173,1126,27,1522,173,1249,615,940,424,1113,611,1877,488
36,891,127,288,1626,1515,543,391
598,73,197,6,498,15,387,228,554,45
202,52,94,139,10,11,87,8,324,0,1593
207,147,221,64,1536,454,147,510,1192,543,274,20,1632,282,658,443,1287,262,303,95,0
407,691,28,344,844,576,603,373,17,26,85,245,290,510,1004,567,685,274,4,179,1616,152,6
76,79,1401,173,666,471,1633,23,395,45,4,63,380,12,604,4,609,1854,529,1220,47,433,879
674,28,130,446,353,19,182,395,30,85,1044
148,0,387,228,39,1062,288,968,1218,363,201,61,218,468,32,270,291,8,303
39,59,2,358,44,218,1599,68,449,410,1027,606
1225,993,160,964,30,1878,143,144
51,303,24,123,1,819,365,97
150,161,869,2,69,42,314,1161,38,311,1879,416,924,22
5,203,267,1007,66,664,304,795,362,648,424,41
710,150,118,15,93,1813,1735,0,1444,662,626,134
947,47,879,538,8,24,14,145,164,1880,1881,421,476
46,127,23,820,1791,339,11,607,922,1882,43,126,88
132,126,34,567,787,192,1445,263,1446,35,1635
868,1,2,493,81,147,221,1163,695,7
892,98,48,2,1159,169,46,34,5
1292,639,294,103,8,830,310,94,118,1266,2,593,8,41
14,414,223,8,30,1159,1216,244
28,140,234,96,827,1818,1447,16
598,58,360,314,118,35,1294,895
46,696,1826,1,718,672,547,150
5,146,134,84,989,0,1636,35,3,1883,1884
2,327,264,1420,779,26,12,297,375,257,120,40,15
5,272,107,34,1437,195,1,96,195,457,68,187
259,595,374,301,957,4,43,583,588
457,37,1381,1449,31,255,1295,251,934,8,1438,4,473,242,550,68
352,4,189,132,957,484,66,475,873
55,321,132,266,162,1637,514,374,664
289,1549,0,57,479,951,301,805,29,653,1421
291,133,1368,731,847,41,1048,527,1354,27,795,1638,989,109,501,616,517,385,339,448,504,112,7
44,11,91,74,184,50,46,43,126,475,1278,946,51,292,203,126
1885,183,353,405,1554,1451,761,681,428
536,375,95,321,24,518,145,4,29,817,405,1364
498,446,4,479,517,339,1037,58,496,398,278
98,727,296,85,124,304,4,125,356,0,91,74,126,873,17,0,19,10
1510,1146,0,1510,157,1639,121,122,323,53,571
472,598,127,47,879,1029,474,536,1743,1164,299,66,10,1452,4,330,223,5
145,709,22,166,6,29,969,1830,555,50,114,1237,136,3,22,1868
310,753,122,658,2,257,392,134,430,1719,0,670,27
2,1,648,1409,648,137,13,463,866
116,52,543,71,68,266,22,265,170,42,543
866,36,633,1,2,1296,384,42,22,69,51,5,1886,1887
91,74,1086,64,1409,170,236,313
14,18,1287,75,25,136,6,862,960,1853,136,0,437,311,513,22,60,6,9,7
474,536,20,269,460,892,860,867,109,5,169,686,145,6,9,475
131,25,211,51,247,3,135,112,50,357
946,1888,487,543,1159,1515,132,1165,1006,4,959,45
506,6,351,1638,527,501,486,777,1453,4,613,197,94,1114,703
175,607,487,1159,693,5,85,309,73,4,10
793,166,139,61,36,1114,81,863,472,598
11,285,114,36,322,322,157,107
675,1454,303,519,599,3,53,133,461,166,1640
434,1890,177,238,405,56,1221,425,703
171,547,230,19,359,331,870,50,1298,440
59,2,741,1891,788,386,43,45,68,424,355,1226
28,44,1508,583,28,167,478,5
361,497,43,195,111,66,340,114,295
211,407,1893,1856,23,520,273,121
497,1360,1831,5,217,289,79,242,40,0,1894,1080,867,854,247
217,3,167,885,497,457,664,622,187
112,1456,684,1149,995,263,370,802,187,123,217,1615,854,105,864
704,62,217,76,33,635,110,651,129,675,539,90,410,1134,284,675,1454
53,765,160,5,20,256,1162,237,266,110
635,675,539,642,540,25,374,65,115,282
3,114,107,419,101,1339,1596,1895,687,7
287,1400,83,1299,504,19,167,151
25,217,105,19,1596,1895,326,504
675,539,552,82,1625,1053,82,608
339,1818,780,457,1641,675,1454,971,3,552,631
217,96,269,167,65,935,342,12,580,83
732,896,336,50,160,428,254,162,76,25,217,1022,273,675,539,468,29,1837
217,23,284,431,36,39,83,562,552,73,153,1641
34,820,100,271,1457,196,57,12,1096,140,1043,499,714
151,39,562,406,754,0,1053,235,539
1170,32,16,167,1457,39,308,1053,178,741,406
1004,91,5,596,655,478,111,1898,1899,166,765,592,28,395,1301
11,40,88,1099,3,98,88,557,8,11,63,88,867,304,122,621,588
20,393,44,28,17,884,1052,91,5,121,152
258,374,864,44,243,47,497,457,1149,221,451,972,240,11,567,685,143,28,97
240,120,1140,592,28,1510,25,1821,893,998,540,141,1093,493,599,162
468,1,131,321,63,8,1450,629,28
235,11,332,0,321,131,11,189,321,7
13,16,14,36,18,271,1888,1642,643,189,46,687,45,165
55,71,743,12,727,1585,458,60,0,80,69,150,197,7
81,53,1643,219,230,230,452,102,969,26,76,80,589,301,102,82,1302,154,109,80,230
6,275,5,577,17,867,89,1047,351
140,200,405,852,383,103,32,242,126,572,1303
44,451,32,6,215,1845,9,1004,173
112,280,655,17,0,1798,1570,280,1065,4,200,1004,69,32,112,287,5
508,1304,705,341,271,451,5,278,5,259,777
48,1063,157,1856,836,246,235,562,406,83,103,30,145,1902,668,72,45,8,339,419,255,237,342,12,580
631,1443,1824,1382,77,58,641,88,1755,818,91,5,276,768,320
472,217,167,1903,95,180,255,151,50,162,110,30,1458,111,0,53,62,704
83,162,19,495,613,461,1108,765,361,1537
1009,111,38,997,895,408,17,60,65,102,129,1644,408,123,926,319,29
75,1457,1904,319,675,539,805,582,0,80
31,65,1596,1895,359,255,1094,14,151,83
878,370,523,72,546,590,83,5,1286,1459
9,912,589,76,111,496,635,1169
191,408,44,38,1905,159,212,284,26
65,3,273,83,111,382,23,1170
333,88,617,94,28,259,1031,943,11
9,52,946,111,233,119,39,83,1587,1025
420,738,820,181,42,6,14,52,707,83
69,915,356,336,293,122,170,0,282,76
9,1,118,948,572,48,120,258,0,91,217
95,353,147,83,1228,9,157,617,99,365,878,83,262,385,83,377,72
572,505,1,550,88,91,5,722
8,6,1619,212,1022,4,99,1370,1303,34,1542,1907,156,377,592,1294,686,555,355
92,18,676,28,88,557,91,5,36,307,18,9,1908,609,15
297,223,72,18,36,28,646,543
759,290,228,62,115,390,1454,751,39,803,8,765
973,89,611,1097,1535,937,959,240,890,408
28,1514,333,530,1026,34,528,295,677
38,4,534,123,160,52,6,175,116
161,789,181,21,3,241,91,1105,108,105,177
1876,41,822,314,206,1816,1023,0,974,67,200,326,820,801
407,219,8,1172,13,1254,3,278,1233,893
198,11,109,47,497,1,59,2
1022,83,154,147,4,394,572,801
472,135,241,1086,268,132,91,105,8,177,69,200,127,156,35,69
441,115,499,91,27,2,710,3,847,150,118
444,83,51,269,66,26,814,452
217,5,833,407,1462,114,30,1645
256,21,1791,203,38,997,531,870,61
14,9,31,109,472,217,1,2
86,225,63,1358,18,50,767,141
129,440,897,61,8,426,479,111,677,170,0,1026,315,97,1914
232,449,44,1614,438,303,39,353,897,312,543,131,62,236,21,180,621,259,503,30
459,91,5,232,215,307,98,215,1869,510,6,320,19,206,83,214,445,26,781,181
1728,689,95,1173,77,1429,385,1898
1915,1646,359,632,76,1647,76,218,1647,1461,311,590,1897,1115
79,29,34,1437,5,32,58,26,590,563
307,478,20,329,206,168,644,1806,1122,20,111,184,50,292,167,26,58,933,741
362,240,534,69,34,1442,59,2,6,757,198,68,81,499,131,40,1633,91,217,451
12,5,287,748,143,127,68,849
1384,14,3,19,138,116,729,1140,1558,278
681,48,152,131,1231,352,1284,91,74,47,497
267,241,25,66,340,885,169,138,50,252,66,102,1281,1458,272,294
3,13,72,24,275,20,4,99,41,13,215,718
421,43,384,12,376,83,62,1463,1758,47,497
12,189,83,385,367,5,4,925,1883,407,678
133,964,62,110,30,1458,83,13
37,10,875,44,63,77,583,538,35,698,925,1883,485,36,347,175,169,865
3,478,5,1162,512,539,512,6,167,167,50,13,4,111
104,15,257,728,872,18,125,24,554
888,228,240,95,15,531,205,635,1169,675,539
114,64,217,11,1896,130,447,180,635,1169,1062
580,8,262,217,112,8,1128,497,79,257,272,167,497,457,644,971,304,480,28,1758,278,4,151
63,367,137,131,2,100,893,50,643,455
862,3,131,40,63,701,102,694,1161,240
445,1088,1650,44,180,17,123,1003,898,79,170,311,0
95,22,461,2,1453,174,15,488,845,1097,19,277,157,795,167,123,795
1375,234,354,745,588,88,2,851,370,151,494,720,370,675,539
211,407,464,201,61,4,691,959
1064,445,25,367,173,279,41,1464,975
27,733,313,626,314,1916,246,35,68,1000
40,1407,1230,1273,126,215,0,24,150,48,563,0,462,441,1362,1917,1161
688,450,43,31,597,720,336,31,552,675,539
282,341,207,327,0,1068,725,448,1053,1029,271,80
837,2,4,256,837,564,562,43,46,8
240,129,159,1151,526,64,97,418,1633,81,3,543,319,496,1061,124
675,539,8,641,594,998,408,236,705,635,1169,702,1112,7
552,279,0,969,80,6,9,335,341,797
635,80,539,552,838,744,825,1053,808,741,236,608,782,279
240,174,15,1146,1297,406,39,152,282,6,1102,9,383,76,715,5
2,6,9,1174,27,1779,41,207,98,163,0,1053
336,82,35,1055,631,1349,58,0,231
1054,1641,23,731,720,387,745,327,82,406
591,827,170,0,164,557,257,19,120,15
605,129,336,688,1350,786,341,1116,161,1551
336,837,757,837,63,720,16,178,608,552,859,130,839,1892,782,864
2,383,31,969,80,170,0,27,8,119,1562
68,19,242,58,125,1069,1016,834,40,1651,734,222,827,282,45,782,145,6,254
14,29,72,780,128,414,8,188
299,142,331,366,26,765,2,79,184,239,631,552
788,5,1466,1919,57,755,747,424,1199,530,1467,690,96,184,1897,297
18,85,651,18,364,111,213,45,302
482,5,1,169,29,295,17,1466,183,1609,755
76,240,21,366,677,39,1600,0,194
2,450,1343,67,505,761,0,27,3,63,1863,301
17,86,1,355,109,250,134,104,8
16,836,28,25,88,91,217,717,399,15,596,976,356,722
742,88,20,1468,692,644,885,36,215,307
269,251,217,396,498,675,539,512
762,424,1654,632,88,167,768,1056,1470
3,162,539,676,1169,971,1152,6,161,897
222,282,629,919,365,180,1845,240,251,823
590,399,1095,159,69,0,76,80
39,1471,690,1920,773,1107,1471,1921,1467,690
13,1448,353,485,8,1471,588,471,690,1514,1107
2,1,445,82,5,813,172,451,769,177,286,1656,698
361,497,119,677,42,22,585,310
1358,1919,136,626,313,180,112,69,367,525,1820,999,174,762,1011,899,406,489
1616,1923,1472,199,1801,99,376,1913,454,112,27,360,314,264,954,436
17,236,231,1133,775,41,123,150,175,94
2,392,146,194,1136,12,1443,77
6,1364,393,62,581,172,91,217
16,1,114,5,150,197,18,187,1301,24,8,127,916,840,1156
56,98,109,68,19,601,55,68,49
91,425,58,12,156,149,243,696,231,75,1283,724,75,1836,72,289,4,95
387,15,960,1062,177,1016,440,19,19,564,253,1924
173,1653,101,113,1054,79,285,1893,1653,1234
387,387,15,148,98,877,290,71
127,210,710,916,123,65,8,41,829,27,123,285,81,525
149,50,615,289,211,43,31,515,100,1238
206,114,1852,465,520,464,863,177
1519,971,332,1130,205,8,37,195,56,31,942
272,123,133,377,91,76,144,8,840
45,12,40,609,57,1068,52,278,108,116
191,426,1925,216,61,161,516,26,488,568
16,23,882,295,812,187,1062,287,970,108,219
403,1571,1475,58,4,1277,1658,27,1385
838,1659,840,838,224,65,468,13,417,192
619,171,20,619,180,100,150,970,195,33,62,73,98,6,99
167,9,339,407,1288,1649,40,785,885,136,182,1476
113,39,257,167,530,690,117,159,782,358
167,272,457,8,1928,32,14,61
123,109,126,1262,269,999,138,1164,1532
119,166,26,167,629,731,552,123,423,29,26,1199,329,1122
16,1655,1,2,114,5,245,768,445
18,51,105,41,413,197,833,562,18,389,15
51,233,28,14,72,36,1786,318,1012,59,2
472,217,1301,899,711,460,445,2,1306
114,497,187,354,502,1463,562,81,167,457,11,10,187,247,1478,173,855,403,0,417
252,956,900,118,188,652,59,2,28,66,27,207,190,179,97,525,443,24,13,1847,125
44,175,629,476,77,558,778,654,487,64,762,523,1592,460,77
1307,4,717,692,100,124,558,109,887,39,120,0,1168,215,1662,977,144
44,3,62,48,365,1032,351,99,385,973,131,88,567,51,364,51,621,109
66,928,15,68,1171,28,1479,230,97,972,652
243,84,3,1110,502,63,385,566,511,684,380,1176,1098,1034,131,567,957,1804,262,566,479,1308,28
935,11,285,59,2,288,494,562,5,526,614,1177,25,141,647,1903,191,226,178,853,1398,237,109,28
11,1031,625,343,190,262,525,179,302,1004,328,1136,835
30,494,781,1067,1395,60,45,346,130,213,423,342,126,292,177,959,774,130,423,1118,509,35
45,591,838,494,119,1630,35,492,1650
59,2,146,3,80,1932,652,244,438,3,785,1663,100,40,1597,1067,68,917
133,582,428,30,114,642,201,61
59,2,532,1168,44,23,136,416,924,22
754,68,316,58,379,50,496,134,0,1933,20,250
5,203,91,371,1664,122,1526,500
1134,380,12,68,822,160,1085,1351,10
17,1440,379,6,9,27,670,41,311,35,5,1934,130,1534
69,150,92,197,434,108,330,303,940,503,323,263
204,99,15,1434,131,1468,560,150,365,40,237
91,5,415,134,518,1731,327,496,1808
101,1,361,637,378,145,165,8,85
1748,24,248,99,382,131,20,29,26,1468,378
637,85,216,411,288,1533,802,0,1768
537,979,91,5,289,1157,116,16
1309,283,316,537,111,1936,242,110,290,66
23,26,1353,75,90,971,273,978
43,259,439,359,147,125,1231,1201
66,187,978,103,108,205,568,426
556,25,110,654,82,33,4,55,123,792,185,124,4,51,125,21
130,586,1310,530,764,4,9,684,171,64,45,1086
126,131,75,455,19,65,71,1110
96,1615,561,1937,4,56,1424,790,19,46,845,33
828,466,6,29,35,35,68,738
3,262,707,44,550,21,243,1938,1764,265,4,51,271,398,278,203
549,1020,1280,51,288,9,114,1443,4,396,21
3,1347,139,1939,170,0,194,155,337
721,98,435,139,958,1017,425,195,64,421
42,1568,939,252,8,1069,956,900,0
314,980,41,1155,470,1440,734,79,380,12,1070
277,1,683,194,802,21,125,898
75,734,65,335,1050,0,1542,1668,139,1070,110,19,1769
76,1941,1669,437,216,10,114,466,20,1312,1938,3,12,90,1942,507,35
49,433,18,171,186,21,659,650,978,1215
186,920,1602,1521,173,1471,920,77,1942,507,246,42,877,235
118,507,607,209,0,1265,1158,1070,163,53,0,734
125,971,934,1086,83,1369,103,1242
947,99,98,36,58,98,29,55
262,686,43,11,14,1516,356,0,58,81,31,126,100,288,56,156
69,6,812,915,260,456,76,159,123,1670,838,230,847,185,115,52,323,738,528,187
19,4,1481,21,22,265,0,791,837,4,932,421,4,1263,33,1433,556,1148,12,781,468,5,35,1136,5,1015
991,620,44,4,181,22,265,509,159,35,5,962,1311,308,846
19,105,27,45,430,30,123,305,342
2,23,78,43,3,51,23,26
39,113,559,27,8,539,170,568,556
245,896,594,25,327,438,1303,1928,407,1943,166,1671
138,67,277,34,1590,191,31,498
24,115,44,83,203,762,971,170,1450,570
3,214,2,768,3,48,108,330
83,75,978,1476,1453,43,234,222,1938,135,265
403,52,34,237,1938,172,130,207,1243,77,500,0,537,177,979
1935,19,174,116,668,16,1363,1579,1117
558,625,1945,359,801,1781,255,328,269,206,486,1258
16,692,83,23,187,978,113,16,121,15,1946
1603,30,305,66,38,83,99,648,119,280,146,247,1941
250,1672,42,734,3,12,252,1069,956,900,1560,3
135,193,95,232,337,17,1140,98,10,0
632,30,10,139,83,113,162,582,114,64,1665,1313,3,0,1947
0,345,30,1832,435,1640,1665,1674,10
112,111,295,1525,1303,1119,296,277,212
234,222,81,131,567,277,1675,63,156,6,357,382,478
245,896,963,652,1152,105,0,253
69,333,49,126,145,653,1660,82
94,16,729,538,31,936,0,686,537,177,322,4,481,3,33,223
1946,444,83,216,124,25,66,745,502,219
19,187,978,1949,198,115,50,263,124,62,587
1949,55,1388,224,44,819,53,590,563,1484,10,0,83
91,5,75,1249,734,58,194,630,0,252,8,1069,956,900
729,369,410,534,139,482,1138,277,1216,169,1487,1303,359,567,815
255,459,93,357,365,32,153,15
516,297,542,771,1676,77,283,0,194
1,30,537,920,77,140,90,170,725,1471,953,470
39,550,641,0,298,21,1384,14,11,3,77,128,243,558,31,813
2,772,379,733,641,77,174,608,152,1875,640
20,87,771,77,483,15,1942,507,835
20,157,87,188,36,77,920,537,3,242
18,95,0,30,25,30,553,507,77
179,960,232,40,10,15,725,730,0,15,35,641
59,2,146,19,401,84,989,293,41,733,0,335,186
740,471,779,26,134,526,436,1273,966
69,361,637,40,129,725,45,1479
59,2,148,41,93,1385,0,316,134,1246,247
147,48,4,483,550,131,500,545,940,503,370,157,351,4,151
6,835,182,1230,550,1647,140,1013,3,1435,1171,686,288,359,3
184,1678,44,1279,1613,1679,147,288,131,10,773,1488,9,762,773,45,30,1062,1416,1124,1346
718,44,5,762,773,35,96,143,610,28
285,3,1546,726,30,1620,911,432
1928,178,998,540,426,1943,1670,244,652,1575,1215,1107
16,1,36,1,5,266,8,1624,1034,35,96,403,87,50,102,171
28,3,1306,15,388,333,220,1796
578,12,139,1070,816,1416,249,0,1593,235
71,93,11,209,269,337,637,269,147,125,979
211,19,177,412,577,1539,1284,901,177,995,426
581,241,515,357,382,225,512,122,11,1780,143,1908,225,512,122,366,979
28,1666,354,185,1673,110,290,30
14,354,185,1424,588,166,139,1952,166,1857
590,135,980,124,19,4,55,703,1180
550,5,6,184,25,277,31,572,1303
1,59,2,1953,293,1598,51,38
573,413,684,410,1945,359,1935,1644,410,1382,1422,588,206,295
454,96,1781,700,1389,478,363,295,557
528,815,486,341,5,1276,587,959,206,956,900,558
435,1681,32,271,31,32,893,295
1117,24,277,4,10,0,528,179,1869,304
1080,684,706,161,28,0,652,5,1163,1117,383,162
1489,66,120,176,976,421,219,625
140,1,2,170,1356,669,463,684,529,637,979,77
165,11,1528,71,211,1411,11,207,634,443,78,753
336,285,57,486,900,1828,1282,486,684,815
411,1828,109,76,295,479,1282,582,225,981,351,1282
16,14,202,11,104,89,158,93,221,332,91,637,160
52,1,116,388,12,104,15,315,1475,218,141,1954,1351,79,1954,31,267,211
109,53,1315,822,593,1955,913,698,130,469
612,117,1,85,30,17,28,91,637
41,490,101,637,84,1345,273,1179,1181
385,888,299,62,78,1957,668,273,1179,1181,38,119,153,1597,594
78,44,581,158,973,153,258,46,718,405
614,91,183,419,101,112,734,39,297,361,637,419,1316,273,978
1168,11,256,1014,62,302,1179,440,581,158,47,1068,129,608,3,90,1317
406,383,896,103,1903,1681,818,1487,405,95,353,1958,1415
589,251,24,318,650,1649,18,205,12,0,1234
418,134,741,21,1204,1023,0,974,992,68,449,12
30,446,674,143,270,45,111,201,61
129,1444,1433,771,1880,68,1937,594
75,956,1960,1433,771,900,0,194
75,208,641,77,297,731,625,101
964,182,30,1,114,77,151,1031,81,1952,633,1666,1946
3,901,902,596,1344,353,219,976,1157,109,213,101,276,3,359
559,1673,652,39,901,902,1946,946,289,1470
113,1961,39,328,1317,726,1144,53,1029,1682
1240,1962,447,115,19,340,494,103,417,145
19,254,1682,184,139,613,192,1682,110,1821,171,0,636,478
108,44,287,283,769,708,478,361,637,51,435,956,900,4,174,223,1277,1202,0,720
117,68,553,901,902,1682,343,108,254,15
62,233,1318,145,1461,105,1147,917,139
5,794,314,1963,1182,1086,270,1182
577,838,0,165,1964,163,1623,1114,990,1670,1107,522,1364,405
39,207,116,482,1661,1951,102,1684,207,66,312,1723,460,898,923,64,1631
9,776,27,1265,134,1008,770,5
3,23,618,689,141,5,99,71,1759,118,228
146,134,133,283,1685,43,8,27,1049
38,22,42,256,72,441,136,0
22,1965,42,74,1664,173,913,203,21
612,95,270,375,176,757,336,293,306,316,133,1000,1630,0,313
71,19,789,15,347,538,202,133,114,64,231
613,270,620,43,96,903,735,1259,469
135,1227,3,30,10,26,1461,45
0,141,170,1967,243,1961,716,1308,634,405
6,91,107,56,31,93,1686,347,243,1535
391,72,4,650,162,331,178,25,141,152,309,276
299,142,76,606,585,159,1218,179,1969,40,19,123,1031,6,174,179
1001,1183,397,1733,159,523,279,1258,80,1317,1259,213,1181
676,1122,136,609,173,35,869,39,735,559
248,331,117,115,136,830,1611,656,327,89,22,39,43,31,68,569,21,744,311,611,903,530,667,35,950
1154,3,6,1393,1014,1109,406,308,179,1276,626,313,733,628,84,925,26,799,88,1871,158,41,58,0,1933
173,859,1687,8,335,894,89,593,904,920,1308,663,471
170,450,1688,558,257,247,179,569,501,878,10,176,1291,401,1776,67,491,8,72,1149
969,124,90,920,235,667,146,788,449,114,5,403,0,25,1784,1385,0,628,623,186
1474,27,1455,316,375,1630,523,466
149,86,141,110,471,290,1475,207
129,825,416,742,1559,1689,694,716,266,1733,1723,17,427
115,788,5,146,274,669,1686,569,501,616,129,417,17,26
6,10,114,5,80,69,146,108,449,1403,733,664,903,471,628,123,329,404
410,756,1403,191,1196,41,186,250,186,1658,280,343,59,2
43,662,1557,676,596,58,27,218,82,514
4,130,402,102,1684,64,884,544,8,257
1971,157,650,188,1544,133,36,925,1690
701,617,59,2,1453,135,884,1061,87,293,464,376
274,44,1182,1227,331,482,1346,403,6,127,156,164,988,64,3,262,566,1415,1618
142,485,188,1017,1182,958,370,331,105,1108,158
448,19,386,932,903,735,129,61,59,2
118,1680,82,1972,1263,1691,620,1594
459,86,1,275,1761,8,1288,722,994,557
959,735,177,4,952,141,96,700,842,284,0
26,723,273,264,6,49,179,1413,115,0,78
797,211,1184,81,444,1015,116,277,735
87,25,1511,1858,783,1228,94,1576,783,1180,151,1009,870,997,649
86,1,2,788,1491,807,1154,384,25,1591,776,89,80,1058
649,807,50,411,1973,1063,61,893,236,751,1181,1317,975,15
848,170,223,1196,1260,401,814,311,1879,1926,938,1054
1196,1720,521,236,1909,902,25,1492,1393,855
2,366,401,84,989,0,1636,376,5,326,67,146,235,892,447,305,1392,32,40,454,69,468,463,0,67
1108,258,540,692,102,1625,1538,630,1002,313,740,471,376,5,1047,601,287
362,36,144,8,107,388,498,22
66,1061,11,23,1309,183,574,106
75,208,1538,283,282,748,187,587,37
1592,43,64,864,272,457,1382,25,1172
1021,97,258,514,113,426,1248,53,111,61,81,78
409,66,664,5,1459,577,37,347,83,5,13
11,1896,182,1257,190,214,145,288,1617,1405
147,647,14,195,538,1934,0,126
409,113,426,120,528,48,209,25,237,1320,1271,4,296,8,549,162,507,1260
332,133,435,1640,0,704,1009,405,90,259,811,396,117,294,950,514
16,213,13,294,514,61,1422,1001,1183,397,39,388
409,1600,209,469,1605,943,514,294,149,39,1101,129,1183,397,31,26,440
409,129,521,118,198,9,331,35,864,39
129,31,1183,397,176,38,1253,119,399,430,9,347,17,40,60
60,42,1469,65,27,835,573,1204
917,12,555,60,176,40,1686,26,423,159
3,262,88,399,441,41,976,1097,158,516,209,426,622,1250
729,122,181,33,343,903,735,39,284,155,21,522,1669,437,370,71,298
568,437,44,216,842,1634,789,763,26,1167,601,291,518,61
756,103,225,181,397,216,61,711,1693,369,31,1143
369,25,211,26,973,312,43,31,21,7
131,182,298,3,39,172,1493,1905,40,43,162
409,119,418,90,586,507,170,0,194,1530,1265
255,1842,1493,174,43,369,1145,24,583
155,21,1102,928,585,370,90,458,17,0,26,3
458,60,825,1069,569,1144,731,523,1144,238,290,218,327,594
222,383,714,105,0,258,1243,329,1551,0,667,298,458
60,20,1360,191,6,695,0,1694,180,8,391,6,172,1144,1279,214,1345
409,232,407,568,437,178,345,347,112,60,6,161,244
3,215,1478,1901,773,1974,1321,6,385,31,774,47,183,355
981,1493,187,0,345,298,903,735,220,62,769,419,41,403,0,574,106
101,1974,1321,1905,27,3,1006,81,5,1012,34,469
8,1180,61,0,1466,80,11,48,90,1302,442
809,55,519,1624,1072,1685,90,1067,1242,1732,1226,308,0,945,235
526,267,108,67,56,674,858,280,448,19
1156,956,199,670,27,736,1975,58,608,1001,314,799,795,158,41,190,262,1604,470,199,341,725,721,871,420,108,425,1161,771,11,925
5,447,903,735,62,5,9,183,1392
1493,886,129,1919,863,112,454,5
154,994,434,4,49,86,1288,3,999,792,707,899,558
409,904,504,714,0,60,1968,162,331,192,774,6,153,584
369,636,28,43,234,222,1418,100,63,156,306,89,0,24
3,1518,43,655,1321,596,473,142,32,750,64,842,1254,224,850,559,100,156,39,6
307,0,57,88,286,273,325,23,1761,60,68,1043,140,23,1967
409,1299,105,347,60,20,271,730,990
852,1451,1901,369,242,0,1418,198,1144,32,499,604
40,35,137,1003,516,242,406,50,1317
4,132,596,580,20,102,1684,1654
4,850,516,601,384,4,320,4,1598
8,19,38,1322,133,315,423,31,128,175,38,842,1976,192,256,61
181,413,0,170,12,297,56,154,516,1598
384,4,116,1654,38,181,136,19,148,60,192,112
1321,160,655,328,440,6,483,108,156
66,407,674,1494,177,112,464,451,3
409,903,735,323,1974,1321,145,1071,108
393,1135,28,178,434,17,71,118,547,69,190,937
59,2,365,262,1171,503,130,426,62,33,76,159,870,597,295,1977,0,271,80,15
944,44,366,25,1243,982,89,79,1687,60
633,110,995,1173,448,363,209,115,1302,1696,124
235,379,250,107,419,1040,462,175,8,103,490,649,327
409,578,87,25,21,11,403,658,52,64,1744
284,649,84,968,151,2,90,494,370,33
676,22,1965,42,8,107,246,42,1664,421,89,1623,633,1816,1000,800
246,386,89,3,12,0,22,3,1174,406,733,84,27,1155,1174,41,206,314,249,150
9,25,15,180,119,198,1474,1586,65,231,630,84,1002,313
96,258,28,332,43,121,296,988,584
154,1697,156,11,171,1019,836,590,10,176,0,15
144,760,1,114,16,9,1245,333
59,2,1,74,203,0,194,430,1323,283,34,35,73,3,25,1060,150,535,99,1060,94
1174,1814,0,194,591,379,222,805
734,1978,3,1962,1667,625,30,120,30,259,1569
5,485,101,1359,693,309,189,1006
30,65,62,286,458,69,181,876,596,1470,122,323
105,34,13,356,107,11,1495,565,147
18,8,1323,802,11,85,30,554
208,1388,21,93,1680,641,775,78,566
59,2,5,44,324,0,126,4,29,30,45,185,100,403,58,131,17,81,88,557,271,729,1198
75,516,1249,87,208,436,1496,897,21,1981,226,1026,606
421,0,1773,1766,1107,507,1072,283,155
1955,89,379,65,250,114,471,314,41,829,0,264,966,436,530,1027,450,89,822,0,525
146,329,634,146,669,1253,212,39,1315,822,1367
471,79,314,530,79,1027,1871,21,665,1841,1107,52,242,1766,105,0,1497,78
3,1983,69,13,634,18,224,895
1090,338,41,1492,40,588,5,1973,1497,78
161,944,2,111,553,549,87,649
171,1622,8,643,334,1,415,488
295,1760,1983,500,279,1538,271,80,450,469,990
426,692,17,60,366,61,1696,80
115,1179,1181,253,1033,1317,807,61,997,1984,57,39,626,61
59,2,16,407,423,25,1693,22
16,28,520,671,14,65,4,333
370,15,416,42,509,22,115,494,437,166,15,1987,961,279,22,80
493,710,26,1239,1001,206,22,118
671,170,27,496,15,438,634,716,521,764
5,1978,1664,289,95,470,1988,1155,516
369,1,581,1402,731,27,6,1005
751,114,1975,336,57,236,41,799,58,3,80,1001,314,110,1858,1917
1156,593,335,199,838,569,41,1206
130,37,42,22,493,224,56,286,34,863,386
191,1975,236,794,314,276,1719,27
166,50,1616,335,199,250,226,670,5,1194,41,623
176,1145,1990,713,781,306,27,1981
70,10,636,891,56,28,522,1671,1,369,1658
125,719,866,109,24,1,132,161,1456,476
12,729,192,1958,121,28,13,147,365,63,31,77
369,843,4,154,56,188,0,156,32,49,15,1306,1958
4,1991,45,120,76,1954,413,263,1172
703,1241,75,479,289,1157,45,77,213
3,30,127,1171,1186,0,535,1490
1789,27,56,1970,121,43,37,1975,829,3,80,314,794,1167,90,400
335,84,199,168,75,440,85,206,469,169,1494
354,141,111,162,45,39,280,435,230
693,1186,67,8,24,19,657,26,958,64,831,0
535,1786,73,687,964,19,535,469,1368
16,275,367,520,143,185,138,6,942,34,30,27,8,1789,170,1226,282,250,79
68,1837,1577,195,62,306,1157,146,30,30,264,71,923,27,756,297,712
569,735,96,431,1183,397,6,81,53,932,1494,45,5,426
267,842,16,1017,21,138,413,389,762
189,1494,61,213,6,942,230,707,934,454,56,157,482,43,46,959,489,469
30,1134,1825,1734,1698,0,696,30,691,55
838,1831,838,75,33,295,1489,272,100,398,946,817,1021
62,704,944,30,168,21,903,735,17,60,65,898,832,133,249,61,41,829,665,0
180,119,280,306,316,731,27,181,857,842,873,398,10
306,42,60,896,90,286,0,458,53
850,516,1003,712,1732,930,184,55
355,4,151,214,181,1693,437,142,39,120,393,1093,7
465,1123,1368,68,121,1510,996,1402,27
13,133,4,573,1040,400,618,857,842,214,1693,526,247,256,49,212,225
192,526,842,1,369,843,46,165,32,63,701,793,139
254,3,1,64,250,0,252,1981,1766
14,86,363,201,61,18,19,599
566,436,1498,95,0,64,59,2,0,345,53,983,805,127,1826,1643
1103,0,1026,1496,178,254,0,57,1399,53,77,255,1672,685,273,12
235,1555,667,134,1302,26,1324,196,34,1659,747,1084,258,93
827,308,0,519,134,357,196,304,700,222
24,810,1166,3,673,319,114,88,567,621,97,45,1410
519,606,12,186,648,1992,205,60,744
459,48,162,17,98,1066,232,1435,604,1802,1071,303,1887,244
3,8,686,323,290,769,178,381,540
725,543,1840,1841,769,81,121,1801,503,11,396,55,93,207,8,324,190,11,580,1800,100,823
34,48,62,387,28,1761,188,110,621,1062,1757,244
522,753,576,603,77,262,28,47,433,879,566,5,794,314
495,0,983,53,514,37,1994,349,103,214,155,905,186
131,290,228,983,53,905,13,267,111,90,56,31,1864,719,253
155,65,5,129,662,1121,184,360,349,313
254,264,61,1559,713,1152,8,1775,1235
3,935,1267,5,196,342,1016,1147,84,1605,60,159
905,181,293,1152,5,1156,814,60,9,251,181,496,329,349,75,1116,555,725,90,61,308,26,1864,719,253
1235,157,112,905,76,762,654,157,1484,196,983,349
984,201,1158,0,90,1051,865,368,76,755,157,307,1482,1957
201,484,984,201,469,443,326,1476,3
166,82,196,349,983,53,13,45,324,97
349,972,53,245,973,662,1992,4,16,100,1995,1563
184,647,349,312,972,196,1525,183,326,983,1767
1378,173,196,528,82,1484,367,34,1659,747
403,1084,884,1297,258,93,976,40,522,1676,1050
128,230,357,32,48,69,1165,1091,558,1424,238,269,1717,364
5,1798,132,321,0,27,157,1262,178,62,110,66,976,980,0,875,30
1485,230,1729,88,328,439,40,918,875,856,364,1283,143,0
11,385,157,321,131,133,931,241
5,609,177,1012,8,302,621,1472,199,286,178,62,30
5,6,1187,804,196,110,66,340,196,219,191,682
5,248,3,245,653,1405,1485,219,113,31,55,1361,494
219,9,814,538,1793,321,230,1485,1729,1091,977,200
12,610,1005,1043,0,274,1050,245,621,326
88,199,1472,1092,286,96,834,148,222,1098,206,279
1651,140,424,1651,61,611,1651,33,174,1324,19,341,0,791,977,301,1386,6,647,161,287,302
9,144,86,185,1651,0,196,133,473,29,359,18,225,157,818,137,757,133,1037
3,1043,45,25,32,10,332,9,230,252,14,8,103,20,166,854,920,876,78,364,196,3,12
16,1,193,219,1,244,1104,1153,116,172,957,349,40,120,1293,1192
59,2,42,869,1161,22,1965,42,905,1993,181,1367,1023,974,27,5,832
2,794,82,0,1026,102,557,5,820,27
380,12,0,656,1560,436,239,120,1232,1492,35,88,158,1611,12
1409,13,1232,1484,9,163,348,19,81,30,270
215,1575,811,1168,1036,778,1184,220,178,206,1130,1131
1036,147,13,259,4,1188,206,218,439,6,753,679
725,1042,118,625,62,1814,3,742,163,151,1755,677,1326,963
472,906,677,180,255,405,483,784,1500,1188,1998,0,30,963,248,32,345,509,1521,1501
111,39,784,529,1073,423,42,90,560,1188,1207,266,1326,308,877,0
906,596,180,1028,784,655,45,239,6,39,271,0,251,21
461,1188,38,906,119,695,963,181,21,39,24,835,62,420
369,843,1828,180,255,655,784,1024,1901,451,1894
255,1497,1633,963,276,671,617,586,592,1301
784,483,245,1340,943,904,50,565,184,719
34,1900,1,2,67,1236,1274,77
150,15,672,503,609,3,124,1275,349,1864,719,253
9,86,8,853,176,1780,34,237,230,451
20,205,1527,63,183,1617,206,561,8,303
20,315,189,71,308,1314,348,45,77
16,154,266,41,77,219,444,5,957,311,3
727,463,60,676,905,67,52,1122,219,20,1699,1791,212,329,368
36,905,1187,349,31,26,125,20,3,99,183,93,3,263
39,570,1317,1945,1404,48,81,1447,1498,172,436,954,1093,335
25,478,1671,258,963,166,881,1003
14,34,35,984,201,215,451,5,382,368,184,259,811,43,1632,615
18,10,26,45,141,1339,35,9,1071,1616,85
676,33,65,788,5,1540,516,1150,799,117,371,593,925
984,201,221,1,683,606,1564,310,443,376,6,1488,1780
208,5,82,313,1428,84,751,27,88,1923,1472,611
633,335,1141,974,662,1201,12,1135,2,577
173,1126,1150,57,155,1250,58,800,1155,1096,100,245,1988
338,1358,432,1847,72,234,180,356,587,5,447,139,12,439
972,98,30,1,2,396,9,348,99,309
644,349,0,1444,1003,810,499,94,700,867,16
132,79,1861,755,1275,368,5,1263,1691,193
32,96,566,1,848,161,9,96,270,858,29
92,14,1700,1227,353,758,368,1585,0,1444
59,2,118,1984,236,662,1002,313
220,92,1,201,1727,1672,629,1476,316
15,854,1327,1328,273,39,30,165
66,37,101,349,1176,259,81,185,435,368,983
357,58,1767,1323,151,604,79,991
371,902,822,1909,716,530,35,207,1059,710
1879,1728,1451,202,642,61,61,61,61
642,141,1327,1328,90,264,3,61,284
2,518,42,22,702,509,248,25,527,1595
285,86,123,162,98,349,3,124,940,5,220,102,354,66,891,1508,451
121,524,11,1888,28,279,584,47,192,262,332,93,12
3,1892,1423,1217,101,1329,0,5,648,27,153,549,87,624
491,37,195,37,1186,124,85,602
90,549,166,82,90,449,1356,130,3,170,247,975,698,379
1,1074,67,602,944,63,79,3,76,1605
16,1178,295,955,711,101,385,1702,1985
591,1373,297,306,0,58,50,376,5,419,438,72
9,5,1638,286,1816,1155,297,135,542,1
87,155,5,4,276,452,613,445,382
16,86,455,273,124,1392,88,242,465,197,29,7
109,267,1,558,235,1040,24,48,176,286,448,713,1423,76
58,82,65,8,267,249,656,894,776,89,925,1147,379,1329,1074,1931,22,1423,812,1784,1085,386
1243,1775,374,1103,82,1423,231,8,5,633,0,313
418,82,6,9,81,470,1108,27
612,1,2,6,153,150,87,1074
1330,1502,253,1074,101,1329,58,7
70,92,5,68,498,119,8,267,12,404
204,136,331,18,224,288,49,506,4,127,13
8,5,246,118,3,15,41,3,154,197
136,331,218,141,26,585,201,61
52,1,363,523,449,716,305,231,12,338,992,178
2,1296,380,436,1498,1464,35,902,430,1425
906,246,1440,445,27,1743,197,724
214,1121,759,980,1310,166,470,974,146,623,732,41,1648
546,81,1435,12,977,6,121,333,8,333,49
79,8,11,16,109,56,28,452
16,669,922,34,164,211,189,96
138,5,784,1552,801,24,946,4,403,1488,0
16,67,8,137,444,784,1961,244,138,52
784,655,40,4,287,102,50,239,13,214,192,32,55,84,559,21
272,5,101,1330,187,1502,253,1130
31,81,5,216,40,1926,1151,430,78,1698,27,23,1502,253
268,73,24,670,160,1326,963,677
113,26,408,530,471,362,4,287
3,30,216,563,257,31,6,102,1684
138,4,307,138,3,25,98,43,126,29,57,187,55,857
32,214,850,559,4,239,1249,297
779,442,19,17,602,82,327,176,382,23,84,174,6,1143,287,1151,108,187
268,160,185,32,631,602,983,190,138,135,37,72
8,408,159,366,3,785,1702,3,360,509,1291
490,958,42,763,239,1289,145,404,6,254
160,1852,116,5,443,49,98,35
346,58,594,245,239,138,573,1518,320
76,368,181,26,268,256,26,408
16,132,65,336,367,327,4,184,5,1329,1325,1690,3,72,4,49,191
68,401,814,311,716,1375,924,59,2,1246,0,608,194
181,1853,0,437,22,870,284,1879,61
86,1,2,254,12,666,471,972,192,1490
784,322,4,223,98,267,112,28,20
37,633,689,202,692,223,584,157,368,525
566,697,118,188,28,62,745,66,685,706,64,59,2,63,207,1829,208,711,480,179,343,949,143,120,241,1678,617,988,584,496,1011,45,1276
28,44,1135,190,262,525,988,1753,1696,263,429,907,780
503,150,320,726,30,988,2,1087,21,1111,201,61
121,32,93,0,652,391,1203,43,19,62,502,277,74,1629,276
128,16,131,10,89,147,13,277,372
726,66,3,53,63,59,2,249,1874,168,80,226
270,1248,228,1420,174,354,280,128,8,577
40,91,74,495,259,359,820,1549,0,9
91,74,897,141,53,1267,374,226,644,122,481,750
1010,151,2,674,584,681,853,69,135,39,1662,324,1306
74,168,173,764,913,250,60,392,203
204,542,18,248,1606,991,1120,140
430,56,1,107,569,501,412,519,1453
342,913,338,6,9,152,1970,359,1204,27,445,424,732,41,35,1426,1230
525,386,107,1007,199,710,424,761,775
20,209,726,69,37,363,1491,597,311,253,254,440
172,1491,384,31,250,1466,80,1774
209,162,387,254,808,417,23,71,302,1179
3,58,172,3,234,444,267,8,1167
70,92,14,6,153,238,384,8,89,1841,158,1535
190,454,1036,1197,502,387,185,18,272,1882,1438,238,18,63
36,760,18,453,1448,234,28,64
1036,921,1036,1573,619,804,11,87,19,579,287
535,170,15,506,11,153,15,410,534,0,24
57,17,153,533,17,0,49,455,992,107
101,541,187,475,62,3,263,515,429,907,780,1300,1696
263,3,19,243,515,971,1201,1300,1258,882
62,44,290,411,1293,1449,263,1008,1489,452,30
62,1705,1618,187,736,177,167,475,9,20,305,1415,1075,1631,1921,55,994,1592,113,674,1307,423,489,1508,208,482
620,1065,44,212,963,33,1143,277,813,1517
1044,68,1894,1991,560,111,515,1049,5
429,621,1316,653,595,473,15,503,352
1009,111,515,428,1657,745,66,340,1487,273
429,1724,522,1508,482,213,75,15,187,114,33,907,780
1093,56,64,1539,582,1149,71,9,429,907,780,26,114,263,519,1208,33,1338,23,172,1865,1022,32,1033,1068
896,1459,676,1748,211,263,475,28,221,68,1316
1171,75,93,25,124,1900,62,289,1311,982,955,4,893,676,5,739,899,215,1065
62,185,1531,1382,1134,491,195,6,834,247,288,223,476,1990
64,172,897,1139,4,99,125,0,970,1424,263,971,4,1304,111,897,50,837,185,124
912,157,1467,1230,486,1292,214,1503,897,1386,282,225,982,546,34,845
790,4,796,15,68,19,143,33
1007,19,277,69,199,175,1949,45,334
165,187,177,835,8,35,9,398,664,301
44,428,1862,268,47,187,273,699,473,491,448,582,74,33
113,983,25,66,340,216,1665,289,446
475,447,446,268,111,778,460,352,178,30,829,571,573,503,320,231
59,2,779,26,134,41,148,84,989,218,42,1265,118,236,310
429,191,21,726,123,138,802,403,268,538,993,269,1467,690,1397,530
76,21,647,23,334,146,19,1762,676,571
1251,228,392,125,1359,22,17,26
49,1,108,38,398,783,562,78
62,78,135,110,53,38,569,109,783
300,26,148,22,214,657,38,466,58,265
42,22,40,233,569,783,268,835,214,657,1436,229,663,980
336,416,268,22,1296,1148,521,0
89,65,268,112,42,27,1311,12,153,182,386,35
336,306,316,82,214,628,40,99,31,563,282
71,67,959,733,176,1118,501,18,51,1475,70,318
122,278,4,1,404,376,319,202,21,499,850,72
181,95,1451,475,216,1706,21,1496
254,268,80,123,1698,1310,1289,486,994,1167,982,1125,521,1474,377,100,753,1907
3,214,1,2,154,783,663,229
269,356,38,69,243,1663,114,33,11,121
429,860,68,1173,1675,63,212,277
255,174,22,806,0,1542,80,60,1269,624,751,826,509,517,81,78
442,234,229,483,46,1632,82,298,157,1013,222,351
1400,377,1407,225,992,1156,123,732,275
837,67,480,960,257,837,11,592,697,374,128,1139,1936
13,197,1297,967,207,747,84,32,357,179,96
502,340,44,144,64,407,207,66,116,749,73,12,352
25,30,340,209,882,1076,723,458,442,1578,772,511,268,377,634,226,1565
275,1311,62,78,170,1982,14,573,1164,176,38,401,78,569,783,277
1959,29,226,44,168,224,400,149,1491,1355,1328,1860,366,1369,10,53,3,460,9,73,533
94,2,518,26,173,1625,12,170,0,310,628
252,8,1297,341,290,404,673,1158,0,360,800
68,401,2,779,799,0,12,623,186
10,907,780,659,4,121,15,9,21,100,773,475
323,338,10,426,659,0,237,85
69,74,1056,36,298,442,229,22,60,1650,268,20,1314,358,216,303,124
1801,382,783,78,774,697,1139,1704,1894,114,202,131,81,147,221,202,97,873,352,377,1639,697,479,131,47,541,38,663,1436,32,212,3,663,509,517,624,715,26,93,14,37,282,14,303,11,109,597,279
171,9,197,460,1587,11,325,50
1253,445,231,131,22,176,807,42,883,5,1931
487,674,173,1735,68,1126,795,523,1877,1147,12
788,196,1299,1033,509,40,236,80,80
208,27,1041,1403,920,776,1315,341,81,875,912,58,3,15,41,523,449,1141,180,1124,1085,114,368
136,688,293,850,733,1782,883,611,12
9,266,1473,1917,1531,794,1932,21
686,99,584,44,548,8,64,1044,473,383
86,18,248,599,560,18,129,202,721,198,102,1198,11,153,15,24
465,1146,189,1128,143,190,1131,1925,801
1438,19,133,277,8,448,715,1131
255,647,339,272,390,4,480,45,3,4,1493,583
53,143,1293,219,614,1191,249,31,156,421
86,583,1812,114,5,926,97,378,425,18,95,331,363,1179
1179,439,1014,302,895,440,1328,366,290,252,540,241,1696,397
782,1977,384,71,376,665,1445,993,1046
238,179,1604,1270,391,968,981,1392,0,446
231,146,155,895,316,1175,196,415,41,799,989,0,1636,1343,1516,67
982,1,1774,88,880,1180,76,171,102,33,63,102,654
74,455,47,541,140,2,954,41
67,16,1,2,267,14,10,1061,85
281,53,256,293,498,15,27,338,1707
1010,56,202,858,1,2,72,320
20,1486,11,63,512,1277,0,720
20,56,287,96,19,578,55,15,21,222
723,424,239,523,25,1782,1076,35,925,80
3,1076,60,814,1269,667,1264,880,1229,1008
8,164,1269,1614,1088,60,436,530,1027,1650,174,263,1316
2,129,521,821,222,438,353,371,60
55,1312,21,96,634,656,3,268,3,395,1256,723,372
80,825,1076,284,961,110,21,42
47,541,2,234,222,42,60,610,81,31,423,624,42,100,411
16,18,9,791,384,89,0,24
90,80,22,370,1987,961,110,458,42
2,617,222,632,511,115,345,47,541,634,268,216,1164
162,8,21,569,966,1851,1932,432,114
611,1348,1035,246,3,264,825,226,223,1466,80,60
1186,25,90,134,43,1034,21,172,381,656
1264,82,1239,442,611,114,1676,11,625,1683,723,33
2,591,3,134,264,146,450,41,703,82,82,55,81,365,1367
306,0,27,827,12,688,1261,293,222,142,1084,1264
479,129,226,964,19,623,284,41,442
743,20,42,638,223,21,538,32,750,371,376
90,667,1593,665,640,489,606,235,226,1060,667,134,442,82,194,208,826,389,1389,98,216,41
16,1503,1702,69,1709,29,145,1047,171
460,490,41,90,1055,1504,1324,3,264,226
14,105,137,47,541,1700,18,129,0,821
51,105,64,27,1064,158,58,646,584
129,258,19,821,622,47,541,35,463,0,67
1434,47,541,1,215,151,533,81,863
233,802,78,20,42,624,60,87,379,1228,15,493,506,35,171,21,96
18,1481,78,21,18,584,212,1635,738
2,175,43,126,1,47,541,170,12,0,231,1096
1589,1117,160,11,403,658,18,224,363,50,322,929
59,2,937,446,458,585,1355,1328
1001,298,60,6,1313,557,1366,1057,1076,907,780,33
1189,429,363,417,883,410,235,8,386,885,366
549,662,937,311,826,1057,38,202,501,65,630,1784
895,366,142,657,65,669,89,968,243,782,379,740,3,585
13,86,1,2,146,247,834,158,169,55,388
65,52,48,172,1708,700,6,94,393,275
54,14,1011,98,90,42,25,21
6,90,3,4,48,0,572,524
638,43,1656,1324,74,634,226,377
20,135,1631,301,638,11,95,219,727,51,1652,1561
5,580,45,1849,14,86,18,288,580,1849,79
18,898,137,78,37,881,104,15,464,471,58,126,141,122
888,228,89,243,782,158,319,33
25,141,115,521,50,176,1251,550,593,89,1464,57,155,15
1228,1,2,968,327,10,1137,60
115,1539,72,1595,325,29,270,582,858,121,32,1481,78
214,657,158,253,1956,494,590,27,3,776,89,1492,155,15,1154,1802,15,1973,1969
8,937,203,282,1851,114,1112,442
56,31,243,782,254,821,1033,203,60,1835,1836,40,1905,492,306,0,1053,1432,999,336,688,236,821,158
393,274,1661,126,151,2,743,400,1195,39,791,458
231,148,624,772,379,1455,194,1710,41,82,21
56,12,616,462,1272,6,1848,72,238,229,4,1587,708
2,166,68,449,93,0,226,235
6,233,229,45,542,716,69,138,231,146,178,327,359,992
371,23,699,119,60,68,445,160,15,1503,152,1573
145,50,6,233,438,228,81,642,141
1110,399,3,25,110,79,146,117,450,619,32
176,89,319,638,555,1095,1163,269,993,920,663
176,223,229,289,1431,1966,229,35,90,813,312
292,38,2,418,226,399,1072,1504,1561
214,2,399,89,38,569,109,783,669,1440,1430,775,41,43,718,49,64,1504,1783
6,44,9,27,1066,670,756,898
931,580,660,638,176,713,401,78,736,119,108,330
36,50,982,45,119,342,1689,226
399,430,346,246,660,2,62,377,50,401,392
194,246,624,218,42,384,1425,89,0,826,389,22
1189,429,1664,68,424,1496,1980,1155,975,327,763,335
236,1685,170,448,1624,68,1504,607,30
799,1412,1871,41,829,456,623,264,966
82,1064,487,776,697,40,1029,82,84
292,179,375,772,243,199,84,1401,1000
104,15,763,809,26,735,852,47,541,93,104,1173,192,13,323
338,591,688,562,5,1685,384,82,1000,591,1773,184,316,1523,306,826,389,148,0
1679,717,175,284,130,1523,49,713,1906,553,339,1377,53,302,234,37,1358,1512,787,524,23,565,202,216,1164,561,322
8,69,447,28,160,59,2,703,26,395,30
1,10,621,565,174,144,86,322,135,147,1198
774,1139,96,72,697,96,444,339,103,325,112,490,256,1109,89,1072,1342,87,0,621,532,1349
724,596,301,44,289,109,619,322,929,1021,21,6,10,271,60,22
353,445,175,48,638,1708,1324,226
226,298,596,180,683,946,1181,122,115,1255,10,226
382,1572,596,320,767,773,202,928,1490,809,1940,274,364,57,720
382,96,410,1308,6,121,695,1878,1622,3,4,320,1244,5,302
1308,4,55,405,4,157,88,557,934
4,572,152,6,1848,25,8,158,4,174,1308,116,143
132,20,1135,1572,53,89,1394,1681
4,87,638,141,67,287,1470,4,970,226
32,32,1021,128,32,813,81,78,185,1788,657,20,715,1681
1803,134,174,577,249,132,4,1679,248,254,638
504,389,1709,137,479,103,11,242
663,1436,38,47,541,1509,212,475,148,22,389,0,573,1021
43,126,13,136,75,248,87,24,977
590,23,162,1459,1965,0,71,251,65
1189,429,277,36,35,1934,764,0
59,2,1071,66,25,189,1083,7
935,11,654,1683,140,179,365,11,93,0,652,45,180,64,42,853,706,147,48,351
232,221,160,1042,35,717,405,34,230,580,205,550,1158,131,521,41,303,109,50,305,928,136,609,452,678
19,1004,43,438,356,0,25,66,161,831,405
111,482,479,1724,2,201,61,21,976,312,582,699,45,1590,1721,577,145,10,582,15
482,1554,323,187,130,1180,1298,440,149,987,243,787
3,505,51,775,348,610,650,81,1044,32,856
3,53,8,354,228,461,924,22,951,25,211,10,1298,117
168,1568,138,434,28,1338,1166,1706,1322
1242,114,1486,23,21,148,22,159
493,168,579,355,1226,283,0,640
91,36,269,27,884,670,180,356,5,1044,269,1204,75,899,126,1882
947,1267,726,202,1,583,1487,78
23,302,53,1142,1298,32,63,202,267,578,1968
193,1211,523,618,188,779,26,134,812,80
807,1310,594,470,375,10,26,974
202,128,4,578,1387,673,120,93,673,96
23,39,79,865,3,124,967,82,800
170,26,100,123,1357,314,19,19
18,49,1413,192,729,255,1177,334,280,221,768,510,3,34,31,977,26,45,221,604,99,915,150,197,1505,116
156,200,324,851,9,672,1971,10,64,7
70,38,267,94,310,544,4,55,24,123,132,20,96,787,192,16
181,876,325,24,1009,133,252,142,791,1218,363,305,858,201,61
59,2,396,1103,585,1496,163,948,19,530,471,1607,76,530,30,234,1069,264,1420
435,15,493,432,248,499,1703,1550,15,1691
520,305,858,0,1026,93,1981,975,84,283,527,1310,594,178,254
317,1,987,274,223,5,219,202,14,599,452
18,55,8,1495,19,121,18,209,0,487,434
2,146,1702,606,775,761,913,847,1174,200,146,1860,330,401,179,232,310,365,15
20,13,1,1111,1316,358,431,213
921,909,908,259,434,143,354,66,1753,777
25,66,340,831,19,157,10,1295,595,195,444,83,277,465,209,85,75,674,511,1645,61
25,66,110,746,3,90,215,921,166
81,30,888,53,290,651,117,8,735,62,346,375,1598,23,221,51,482
819,44,14,125,294,1867,203,36,183,117,127,9,0,85
148,1116,23,337,5,120,1137,1232,449
182,27,50,1141,799,974,445,46,1647
69,40,200,577,1711,41,593,136,500,658
46,1056,94,612,36,9,500,0,674
674,1320,215,1203,46,1203,165,132,11,396,5,358,3,187,263
391,266,413,1,11,215,936,0
17,367,338,40,51,105,1570,150,41
591,134,148,334,375,623,150,67,17
260,122,225,1949,683,178,179,5
8,93,273,1300,178,354,540,163
491,91,1525,5,1712,4,1187,534,84,921
79,132,4,35,542,85,1692,19
364,926,1332,1333,1495,39,3,25,93,515
8,19,340,1519,90,90,299,540,163
439,137,695,1646,1332,1333,3,654
222,44,39,1646,1614,90,3,410,1435,25,34,1247,3,0,57,44,282,1149
37,374,215,1478,970,1429,46,1495
200,97,1187,970,695,307,811,818,1517,6
75,64,413,44,357,493,143,8,1646,31,942,195,4,1921,15,1187,1149,654
481,175,325,149,248,127,533,0,752
1486,413,44,289,407,909,908,10,8,33,4,224,524,131,23,4,1589,332,102,654,184,708
88,6,46,165,96,6,56,909,481,1332,1333,165,35
17,62,68,150,660,481,12,430,862,256,21
16,23,14,714,34,832,11,14,669,1320
3,12,132,544,1712,238,73,205,1131,0,1197,121,248,32,609,3
12,27,304,43,1224,356,0,6,14,887,1332,1333,1342,325,10,1569,581,1534,49,398,1969
44,306,225,494,1691,1323,366,1298,209,139,694,1929
44,19,62,302,1078,254,8,440,1251,228
115,1057,44,39,858,53,117,859,0,80
100,72,862,316,256,531,22,249,42
591,60,271,80,924,50,113,649,6,29
337,1331,1077,1,354,540,14,1452,40,29,19,75,20,1110
146,80,401,19,926,118,319,17,130
315,17,60,9,122,43,1992,527,6,56,52,172,699,593,115,89
62,44,253,1539,1814,531,23,249
337,1331,1077,418,151,415,688,1851,155,15
136,57,531,513,691,1014,118,155,33
292,1033,22,1713,764,159,15,38,870,997,531,366,50
1613,158,791,33,337,17,1072,1688,716
176,22,42,124,416,68,1591,509,89,710,319
838,107,112,379,12,380,84,518,27,293,1779,15
6,9,803,89,1464,0,158,168,138,797,1872
338,72,1939,1929,123,73,150,231,94,180,209,379,759,563,12
337,1077,113,616,122,462,518,26,21,1369,10,129,496,379,12
128,402,117,21,142,1,384,42,223,22
464,8,1102,928,21,82,194,656,258,645,640,1243
118,640,0,194,973,1478,645,6,9,25,558,1356
129,236,60,198,32,1014,1109,624,764,509,1175,236
114,228,1451,1318,416,1574,506,1066,79
299,540,1078,138,197,1258,1411,1259,882,382
24,163,121,208,426,178,93,32
741,21,716,266,1193,260,1013,942,1712
176,100,229,1460,79,22,21,521,42
107,249,158,513,159,776,89,379,1143,0,1174,390,27
6,9,118,1823,225,504,486,1956,346
380,3,812,404,815,450,710,616,72,814,995,41,118,26,35,732,649,1154,159
4,29,1,315,367,40,394,4,29
9,300,630,84,176,306,1274,43,136,293,12,247
1396,500,647,123,304,1959,234,393,79,630,84,805,242
330,292,306,12,1133,1751,555,176,10
1933,337,1331,1077,448,744,5,1923,1746,742,799,1083,7
868,1,42,22,274,21,8,148
113,876,247,337,71,379,1994,427,159
114,33,961,416,825,494,8,569,22,1611,587,1033
315,87,376,121,1902,815,74,45,123,1996,828,847,41,0,25,231
112,450,5,6,9,8,1,238
337,1331,1077,564,62,569,22,1296
178,90,381,21,110,15,6,161,102,3,19
1,1299,178,909,481,4,1341,1224,98,15,398,58
966,90,511,169,124,1242,10,423,207,0,663,298
90,657,948,594,371,435,423,304,1006
639,1012,1488,137,143,326,8,423
115,371,44,481,1882,138,229,662,473,594,3,80
222,174,3,697,82,84,46,756,597,143
727,212,957,454,88,231,151,48,234,73,258,482,150,943,205,57
43,109,111,1256,511,639,75,37,17,1047,1020
321,118,232,1332,1333,4,1911,459,454,908,6,700
442,552,298,208,826,23,222,6,9,663,1646
1989,9,1101,38,1688,645,65,27,337,17
681,1332,1333,1,14,164,288,927,639,138,1146,700,96
75,136,1261,1713,8,22,58,466,265
181,496,415,1701,46,517,99,238
89,65,173,966,10,0,521,343,138,164,423,20,178,142
966,568,25,84,12,6,260,367,1235
1430,126,505,277,4,936,34,0,301,216
170,27,1003,4,10,0,14,456,1582
1661,31,128,69,1030,308,17,1066,173,859,0
175,1675,249,41,490,122,166,198,26,346
180,62,256,118,65,449,279,776,89,25,1264,90,1239,518,1261
292,6,161,221,152,22,370,50,277
1239,148,159,379,214,560,1436,25,663,160,825,813
1135,1686,800,39,308,0,239,298,825,961,107,733,1584,76,12,380,57
935,370,223,751,416,254,38,229,284,327,938,25,501,3,94,298,3,975
306,42,22,370,458,60,822,1602
338,89,418,557,124,416,65,779,386,337,1331,1077,181,293,1058,3,12,1115,35
67,161,1430,126,22,518,31,417,306,316,82,315,694,26
807,3,80,181,60,286,311,1115
1959,1233,715,631,181,243,1836,367,6,284,145,322,69
118,12,505,71,19,65,673,286,714,1698,1177
610,865,967,82,23,669,462,395,214,563,562,904,243
20,68,19,989,593,53,463,23
1135,292,953,78,566,418,327,260,32,161,69,389
832,23,17,82,622,33,556,105
308,1302,1977,148,1918,8,1098,68,723,614,0,676,440,495,0,1497,78
1177,0,12,115,456,141,32,875,990
465,117,149,26,426,49,232,192
8,417,387,495,113,71,1177,168,202,402,137,296,597
59,2,415,1593,3,949,640,93,286
46,109,337,1752,5,215,465,52,249,31,8,1609,35,125,950
16,81,214,874,260,867,18,29,890,408,209,1078
110,141,560,302,247,1029,163,8,982
59,2,909,908,369,843,890,408,5
843,1173,0,519,85,542,894,1078,656
16,445,894,127,138,88,0,955,559,39
1258,1,1947,64,36,607,531,29
45,383,145,163,6,102,969,731,383,31,174,114,12
1106,1078,440,65,1750,948,530,1134,159,90,1835,782,864,1324,35,739,1861
233,78,92,149,1659,182,93,1808
183,796,987,165,1939,17,8,37,4,1153
253,798,569,1947,130,1987,723,155,15,186,81,60,556,155,110,266,1742
150,1884,481,205,186,667,442,123,103,820,1273,140,19
266,41,42,871,64,62,78,123,34,225,37,484,540
2,225,23,1145,30,72,108,38,271,390,107,981,645
726,53,216,1760,1429,258,374,1850,507,363,1644,319,163,383,529,45,2,691,108,695,238,604
34,179,1019,39,178,79,695,1672,258,769,673,0,345,298
44,1125,62,411,1742,880,980,182,93,215,1008,172,794,826,471,383,242,818,858
208,695,39,11,325,774,1850,507,175,592
909,908,1377,556,1297,753,886,32,242,1414,303,160,15,1060,1413
255,184,25,251,3,48,90,327,1011,208,3
182,364,450,230,230,478,231,291,107,500,5,31,322
16,1,908,75,519,111,213,803,85
11,811,13,87,72,629,1579,758,514,1618
261,352,892,68,931,752,97,894,818,1220,772
147,221,44,665,131,51,1394,587,476,64,59,2,259,1087,109,24,260,4,452,100,8,48
185,352,30,79,1087,21,2,201,61,23,162,651,1904,63,139,194,117
242,30,1351,328,669,58,1067,523,494,166,26,3,999,1196
406,3,755,0,223,1535,855,1042,62,553,30,1236,1274,170,526,883,0,734,0,194,362,64,770,1292,6
54,1292,220,1284,94,300,528,97
17,35,3,95,0,5,271,1217,308
658,86,100,1037,281,24,230,214,97,28
151,1092,503,148,20,163,210,106
163,111,20,58,77,104,619,500,0,24
465,647,95,0,746,592,505,503,320,567,571
240,890,408,601,175,24,658,9,460,45,14,32,291
95,290,228,651,446,19,198,24,237
625,485,1136,770,210,1446,102,1050,0,80,57,8,404,48,2,1175
58,77,1019,248,19,55,118,281
8,937,63,171,1,131,46,1092,24,399,48
251,948,53,793,625,9,185,26,352,1019,36,1056,1009,55,93,210,1334,106
261,345,167,1205,47,910,457,910
88,48,2,754,68,449,755,496,186
422,224,95,352,1130,190,112,49,764,162
3,3,427,770,33,130,115,12,1295,236
237,43,62,185,1889,1363,50,1284
261,483,808,66,977,8,318,1061,951,676,352,47,910,1855,457
47,910,419,1786,386,580,27,1344,34,353,33,492,1157,284,259,387,386,396,1031
42,413,1205,1371,1533,1229,178,62,66,210,106
261,1476,172,90,971,321,1921,56,443,721,74,1804
223,188,53,793,36,352,4,215,464,3,4,106
728,381,218,933,1704,64,4,1054,4,111,928,33,1057,328,7
25,30,1899,951,571,328,93,4,115,210,93,273
792,555,1714,699,95,126,156,46,1221
84,262,432,571,263,210,1334,106
261,925,1398,179,505,328,93,567,571
1714,1009,951,77,819,320,1497,53,121,1888,179
973,522,64,24,34,476,353,445,37,700,831,1037,1996,721,752,878
728,381,464,3,3,190,172,83,1018,7
112,8,538,212,107,419,101,1617,610,423,31,33,1054,724,0,210,106
1018,439,203,33,1224,146,599,403,1833,669,802,21
1832,212,83,151,447,461,10,511,292,490,1390,1540,256,416
3,105,74,125,33,617,1450,1770,221,514
910,1220,596,87,750,192,1749,524,43,364,351,109,262,85
270,141,62,78,44,52,47,74
1660,561,24,1,192,212,655,107,212,1683,738,1400,1191,11,801,179,529,1018
47,1190,1715,74,212,738,1299,655
953,182,28,12,145,205,476,481
618,689,86,228,56,142,290,103,614,770,281
183,203,1445,27,670,122,128,869,41,5,419,1445,1690,108,1313
304,69,587,112,180,356,664,662,293,1989,8,1953,628,129
199,1695,196,1472,82,608,449,0,798
168,234,523,1250,173,1126,360,1249,776,1285,1195,1877
1075,521,21,58,84,76,57,1147,57,12,1656,380,1591
165,175,427,258,1082,28,421,92,123,644,161,684
165,1,2,1201,378,281,1203,391
28,425,99,613,11,291,410,534
2,1,133,808,83,289,797,5
19,336,1062,334,1890,897,552,10,200,120
12,4,276,101,749,500,180,8,359,67,1160,770,107
373,166,665,405,173,199,208,158,41,869
16,49,678,65,71,245,108,105,1459,8,648
686,44,1166,1216,121,500,0,28
214,1563,183,1335,12,112,1659,715
69,338,24,94,531,31,162,40,1204,919,212
79,132,979,17,0,98,588,31
146,299,142,392,1568,1688,72,1245,76,21
461,840,165,113,21,731,1018,168,68,1390,87,1540,113
560,105,129,1112,514,1190,1715,107,175,43,738,7
693,456,139,38,272,49,678,147,352,493,225,32,737,709
910,22,111,610,518,31,1460,761,496,133,45,929,121,122,421,25,192,267,702,355,224,518
219,73,44,11,36,320,121,820,378,1907,43,739,405,212,8,992,738,133
16,169,836,58,36,0,0,34,207,100,161,325,432
16,220,157,1839,1908,1,2,300
11,73,197,519,1941,6,9,60
468,55,84,334,48,626,359,304
261,749,84,87,1797,1,59,2,193
188,258,1576,28,123,343,48,46,1221
1513,66,26,122,34,279,66,1935
787,1151,180,112,184,173,930,12
1731,40,43,1,2,170,12,0,316
42,930,338,1455,298,594,1522,795,360,1195,1018,913,1676,594
261,50,1190,1715,1976,103,1777,529
245,1482,188,103,493,400,12,22,178,254
75,77,31,353,596,289,180,8,119,1562
3,1843,240,2,555,49,307,1071,24
58,924,1206,110,19,630,84,1785,256,50
161,1208,22,159,2,392,87,1806
122,267,36,143,48,14,86,20,125,77,8
252,228,59,2,76,19,901,178,141,495,5,208,507
153,1241,166,190,130,832,46,8,430,1323,375,283,0
283,25,310,555,50,35,78,887,172,98,1017,248,309
525,1052,205,89,41,43,14,1049,565
152,310,651,23,527,108,761,0,525
161,9,74,6,601,1574,123,706,1314,1699
504,1933,281,519,246,41,1710,12,763,1636,1126,1229,1913
74,328,441,136,293,380,12,79,617,342,41
70,54,13,1287,817,696,789,113,402,870,19,65,508,13,36
11,99,534,48,179,183,8,34,1203,85,175
446,508,3,30,83,399,797,297,43,1399,444,508,724,23,52
1831,1079,838,508,62,1079,233,446,62,962,75,50
508,384,12,123,151,65,100,1079,13,156
508,1,4,29,56,1399,51,10,26,724,34,1079
391,117,124,19,1629,272,398,278,187
272,57,50,1,260,154,724,347,10,26
16,257,829,748,1219,425,117,57,508,113,1637,439,113,26,1079
23,68,1042,232,1890,1467,508,101,243,1657
72,553,23,66,51,103,508,169,562
261,23,23,213,352,1019,1079,872,274,19,5,1046,4,108,55,93,346,276,444,508
11,275,274,23,1374,118,26,65,508,249,17,71,1335
67,71,17,79,402,150,41,73,197,544,947,9
13,506,58,82,72,1219,35,462
118,40,13,14,342,404,314,49,79
115,1335,31,329,400,188,12,111
132,51,103,214,71,668,465,619,32,319
248,36,52,102,98,1612,1390,425
194,299,142,65,508,60,80,253
261,8,38,8,413,352,427,102,50,224,508
149,331,247,50,366,431,328,381,307,571,66,117
508,671,243,813,23,39,276,562,191,515,151,10,0,62,53,345,571
257,508,42,1556,274,35,555,50,51,9,650,279,1079,128,174,833
14,210,74,250,82,1941,117,10,26
508,75,98,43,1443,383,329,50,1318,3,6,63
2,23,82,15,45,123,39,15,14,174,15,727,578,532,508,57,87,532,413
261,189,330,1064,1916,314,68,717
612,1,1397,1548,1704,251,378,476,304
3,221,66,873,1172,30,295,18,642,902
28,97,3,48,2,310,76,15,831,174,727,547,887,11,378,71,504,40,546
52,6,200,503,74,52,1152,351,557,1513,7
71,25,131,321,3,74,46,1580,571,1714,178,142,111,162
20,512,979,964,448,19,295,6,161,473,398,438,856,480,504,4,412,708,452
9,175,495,1512,382,32,105,816
160,15,5,1335,412,1018,304,188,329,461,1639,189,55,762,223,251,724,182,705,289,215,109
191,5,5,271,1081,1497,332,722,935
32,701,64,240,380,613,12,811,13
1482,132,1279,237,1495,79,13,178,185,520,958,3,1621,213,677
745,1870,226,527,88,3,804,677
345,3,582,1366,447,1803,640,1957
816,183,76,30,17,23,0,105,958
139,293,381,703,439,137,63,241,767,162,1873,99,533,88,4,164,81,31,56,301,8,587,476,210,106
422,86,1,2,300,128,4,271,538,571,39,292,133,439
542,134,12,324,79,672,50,45
566,1200,350,2,1,246,3,53,17,61,10,597
64,392,606,246,12,297,1496,17,313
593,53,985,30,79,170,438,0,282,1602,1315
656,201,61,611,697,271,80,608,79,170,360,563
152,319,440,3,10,172,550,183,419,1943,860,445,353
5,998,788,1428,341,27,1313,386
168,1973,69,797,173,1126,822,196,1372,611,1877,1113
69,543,1911,1604,1913,168,525,284,367,699,8,968,775,5,99,8,1207,205,0,755
338,5,1401,590,181,22,415,689,182,33,1436
214,657,21,79,1401,79,829,17,1319,1133,41,300,58,292,898,923
6,102,72,406,1686,199,35,3,1108,581,1620,147
176,968,327,1143,84,442,423,181,0,1530,50,656,21
59,2,518,250,235,12,1762,443,1966,138,16,687
204,117,753,18,453,17,8,324,11,1306
115,967,1064,205,314,58,27,496,15
476,32,27,976,5,419,489,51,69,1363,1043
702,157,1690,81,5,25,10,247,410,137,812,846
970,11,1044,891,31,39,736,378
204,1607,92,1,2,104,109,385
101,152,16,407,15,1312,1799,345,1892,702,570,801,469,213
260,19,811,1,1706,192,369,357,517
23,201,61,256,568,331,29,521,985
132,16,407,411,570,85,34,936,0,288,63,1925,0,1554,567,711
116,37,586,319,62,66,207,770,263,1075,208,595,0,517,1229
819,53,519,294,570,1051,166,3,1867
209,65,101,343,128,45,164,36,101,1127,72,1279,101,515
749,522,203,36,1795,85,376,5,127,256,1680,1379
6,132,919,595,299,19,64,34,996,56,24,85,184,85
395,704,208,595,1711,18,220,1075,619,97,14,57,636
453,1075,100,702,1,4,120,6,500
12,101,777,1505,1799,20,1549,45,28,81,1361,328
34,996,1,342,381,173,28,283,235,134
600,99,269,977,857,39,0,38
1547,0,0,24,1123,350,81,121,1361,333,36,130,476,737,4,212,1153
1170,4,546,583,452,957,1200,682,1072,4,718,1793
125,44,81,857,18,95,251,704,53
9,281,1040,125,1,95,248,491,998,1184,188
358,44,874,28,308,0,194,155,6,14,739,1777,0
6,103,762,736,737,4,1446,320
44,270,24,265,702,389,58,143
45,23,274,4,125,874,98,294,159
465,647,395,30,4,135,184,28,1261,293,32,51,169,254
1537,1178,634,33,11,205,1274,1807
6,500,9,300,1805,45,214,27
960,394,678,6,548,1701,208,595,195
91,289,1736,1176,1284,304,224,1704,711,211,68,804,577
447,561,764,1051,195,10,1674,99,1075,0,473,32,520,1257,749
315,463,50,322,514,266,19,856,64,92,728,1336,137,542,26
152,6,362,5,92,728,1336,629,856,854,166,33,39,6,161,1855,304
1437,575,5,682,1246,3,105,506,1425,5,130,251,390
69,14,430,714,145,50,774,729,1628,17,490,41,3,786
1506,1086,377,252,66,340,76,358,682,17,0,108,219,457
241,390,362,427,69,464,1431,107,6
14,398,6,445,57,1068,4,352,32,412,182,177
2,13,374,187,880,18,312,1954,232
55,1120,1567,78,1767,160,575,433,434,874,880,101,281
166,1120,154,76,21,1441,22,148
433,575,34,97,127,9,350,67,164,738
402,1,20,195,278,51,174,27,791,1176
20,342,195,31,104,20,315,189
18,119,626,76,21,100,223,72
209,29,82,33,9,668,528,125,433,67,16,1271,78
23,437,65,433,80,60,513,148,806,676
49,1462,1,17,67,8,738,99,461,125,29,388
103,80,1057,9,512,14,161,389,564
2,11,500,0,28,535,150,0,88,56,109
311,1689,1534,126,103,56,45,230,528
931,1982,76,356,159,123,60,1272,148,1318
400,226,225,1280,82,264,1500,22
1997,218,76,549,168,1988,1113,249,235,89,694,350,12
433,71,181,21,504,350,575,27,163,182,232,781,563,282
369,1693,203,33,575,246,316,1175,73,197,805,636
94,931,702,24,589,476,3,219,1008,350,1476
4,934,16,334,32,125,33,252,142
1145,456,301,93,1674,285,749,3,145,1479,929,342,737,4
11,16,27,24,1,490,601,393,6,56
559,43,251,21,81,33,6,121,1005,679,383,6,39,4,549,42,869
53,852,1986,29,192,256,82,1674,96,1307,24
87,12,271,80,84,35,492,419,1319,149,848,72
59,2,146,450,142,1064,41,829,0,186
144,92,1,2,321,24,169,580,34,1849,271,192,71,1384,14
459,167,23,226,113,130,1827,1500,42,1073,75,350,713,1256,423,90,113,93,1005,110,679,1307,63,111,21,1398,322,695
600,205,247,1448,141,118,8,148,365
64,1549,0,1608,1174,137,1020,1370,786,1983,232,330
393,941,167,112,321,83,79,1442,2,274,20,282,198,68,1304,887
161,338,72,182,31,1945,146,799,0,1636,196,445,41,989,1516,67
281,112,328,499,346,8,1109,198,190,45,713,1762,85,378
381,33,360,239,249,26,8,253
742,821,754,155,25,208,826,1057,148
57,80,90,667,370,825,1068,25,1372,1977,754,253,1499,22,410
76,336,397,370,1337,178,282,476,123,8,96
2,76,15,249,22,129,521,82,33,236,155,1068,82,556,159,1337,397
120,1137,1741,158,199,41,40,215
1695,450,21,356,1479,886,1319,941,116,53,580,255,107,269,489,739
1996,774,113,1099,537,115,12,84,1270
548,92,1163,614,260,154,678,575,451,244
1874,1087,534,548,11,614,111,2,29,26,1267,985,1195
54,339,117,1567,11,38,537,48,350
1165,11,191,49,25,11,708,963
37,915,643,119,941,1362,160,65,575,350,12
54,113,9,22,806,78,216,400
246,1,2,76,36,969,1068,1679,254,22
122,35,225,418,91,74,761,173,41
129,688,82,3,1359,208,3,17,513,1455,1337,397
941,1500,1102,928,8,511,424,208,1073,68
3,80,350,1084,608,264,694,110,679,1875,50
260,99,8,1,123,707,269,404,4,55,19,463
220,722,510,524,621,1254,1163,109,24
113,358,1453,325,1995,32,56,1379,701
141,143,111,62,327,311,985,525,108
318,881,158,85,601,33,62,78
95,0,201,61,21,554,53,888,299,18,453,56
165,99,1760,601,1376,102,26,679,93,1620,595,11,542
321,231,126,43,28,976,565,6,45,1393,275
258,19,849,610,229,0,88,135,50,62,180,1133
1250,58,1813,516,335,830,488,1080
286,0,1444,25,82,763,297,209,0,1608
944,111,255,758,1193,1147,114,488,12
44,20,250,20,102,355,111,1798,863
6,9,304,147,1562,72,358,4
1706,876,142,657,38,1713,513,22,160,0,1426
98,50,30,78,124,991,0,1349,270,212,280
13,141,23,23,599,53,1606,1120,3,12,77,499,121
612,692,100,86,1,285,281,120,726,1162,53
1156,412,10,27,200,751,1428,980,199,40,238,954
203,775,45,505,896,53,329,764,606,518,293
25,30,340,453,5,100,234,682
226,53,1565,21,877,188,170,0,513,194
1,62,78,1065,272,549,32,16
48,592,188,537,260,166,538,0,601,588,573,1446,32,51,320
67,126,108,453,880,260,20,125,1414
2,129,1815,75,8,771,615,110,679,306,0,194
1480,1245,770,885,167,184,24,9,167,108,332,3
109,1463,63,4,49,232,160,393,57,1896,365,69,46,109
104,36,71,36,233,165,92,728,1336,1506,433
622,167,138,307,489,5,263,894
3,322,211,1008,215,1752,1185,5,100,346
1015,13,287,1,238,289,577,9,759,81,45
1506,67,191,21,400,257,1081,60,609,1337,397
103,241,1105,241,1081,241,14,20,3
161,330,1410,65,10,1322,148,60,1644,160,3,790,1081,810,307
549,575,113,226,1463,1565,385,1176,1257
1137,78,38,115,22,392,17,280,9,129,597,416,529,1500
832,885,400,355,117,158,9,4,10,179,378
190,932,21,89,167,65,184,874,350,12
115,437,898,336,597,400,159,273,22,1369,6,9,115,513,975
65,42,60,12,350,512,1154,148,256,26,21,115,46,148,246,159
68,646,6,55,543,100,736,1990,107,241
292,191,1145,1884,1446,4,205,57
181,1980,327,42,60,418,985,336,397,6,9,158,386
92,728,1336,315,102,50,575,490,1024,885,1584,3,80,350
122,176,1582,167,63,350,12,181,26,148,60,1669,21,140,350,794,1024,610,1972,112,0,646
6,325,307,359,378,100,3,220,1886,8,137,259,12
144,267,171,9,47,771,646,1024
495,33,312,2,113,234,82,140,383,985,32,153
138,343,980,219,45,157,269,1992,1123,356
848,44,145,80,1499,22,107,246,257,5,419,82,356,3,80,174,667,755
6,45,49,738,107,284,26,688,22,483,438,89,1116,341,117,8,191,50
67,19,32,461,175,789,524,174
115,82,556,100,9,156,720,75,192,149,1337,397,68,232,485,985,155
742,279,720,488,5,345,742,279,65,1223,1312,5,327
71,129,31,284,688,341,93,488,321,115
151,39,370,513,60,488,830,985,50,117
65,488,27,82,985,286,123,1024,479,329,714,980,174,1094
488,284,397,223,8,714,174,1233
23,1918,124,39,945,109,124,604
203,33,44,222,285,1694,513,60,827,6,9,512,115
5,117,371,60,512,166,679,1477,167,1610,1024,1584,350,899,212,1170,622,358,6,405
114,334,718,619,242,44,20,678
285,105,60,904,9,350,1168,289,1470
45,123,138,575,695,32,79,1885,389,885,6,36,72,100,1747,263
113,1484,92,728,33,427,631,858,447,845,286,84,78,479,804,387,1870,43,154,1187,795,1195
1082,206,561,65,20,1456,737,138,1185,4,9,12,865,24
138,5,44,1790,1059,84,6,580
17,0,167,160,57,1489,149,226,25,228,11,95,169,367,30,143
30,172,515,130,476,737,1,941,683
14,11,389,36,111,2,92,728,1336
867,653,619,1930,224,435,1342,1887
566,712,839,5,241,1678,881,48,59,2,1236,1274,348,641,854,238,237,1010
1445,140,86,145,862,678,8,652,28,37,137,542,1029,36,699,276,34,207,212,1670,386,120,686,11,1166,276,21,853,1662,43,1920
128,140,55,89,68,471,1793,666,120,128,522,87,470,177,768,1093,1227,1379,93,0,652,258,147,212,405,169,525,98
40,116,665,1505,24,48,430,140,269,64,262,489
430,53,726,968,146,599,271,80,186,114,21,201,61
744,1106,279,33,60,35,158,311,776
1997,740,1464,360,355,1687,1404,663,194,109,69
59,2,450,53,312,348,948,411,77,62,1360,276,559,932,1270,1459,0
19,48,1359,146,1401,68,471,660,186,161,42,636,28,402,97,1295,1287,244,1757,886
90,24,610,153,344,844,262,434,47,433,879,324,567,5,794,314,686,770,1111,24,371,670,866
144,267,476,130,476,6,161,49,76,673,234,954,1859,853
8,482,40,1999,753,326,609,1979,99,533,91,74
2,1040,746,197,1304,705,778,1716
285,378,436,1498,112,480,71,1811,583,584
103,224,672,891,34,1094,251,150
1102,168,593,441,27,35,1703,304,107,31,56,682
612,538,154,1,231,392,1564,179,434,1216,421,6,73,533,67,128,4,402,137,49
6,9,2,722,356,304,1628,305,281
17,559,432,1607,1265,1246,247,330,232
1716,252,66,1,263,337,25,502,340,337,435,1162,75,1172,979,39,100,705
62,8,195,172,375,284,448,420,124
1753,1999,1716,882,124,95,96,95,185,248,9,197,156,58,32,579
250,8,294,74,1637,687,117,483,3,3,746,1985,9,197,156,4,579
16,95,62,185,483,8,294,528,39,47,1507,358
1396,5,300,27,130,311,799,1106,1175,0,1175,1289,146,1385,795,527,1141,17,1545,74,203
23,180,46,939,134,58,1680,47,1507
6,398,778,923,595,74,1344,1346
620,492,11,30,561,259,206,295
183,44,9,128,17,0,27,42,75,188
157,1397,1,300,1445,432,41,25,8,822,725,360,27,1075,91,74,218,1406,11,498,8,804,849
175,1257,1075,130,1830,69,122,1856,182,43,127,13,8,46,1104
8,1032,200,492,1290,83,1594,43,14,128,1138
668,4,154,37,886,4,357,8,1313,133,32,99,1376,135,1313,74,32
73,747,168,32,99,4,460,8
526,1726,90,41,6,9,859,115,27,338
8,455,133,74,455,13,760,74,455,20,746
146,85,77,100,72,271,15,118,34,1566,0,27,6,153,1238,326,1768,1320,617
16,169,40,120,219,617,758,778,432,1,1984
2,149,26,431,39,8,137,1960,25,110,958,0,194,375,73,197,116,1964,98
374,179,396,510,24,238,425,491,1943
395,30,1384,14,43,1518,30,154
546,1577,145,29,26,1999,1142,197,93,79,42,435,139,183
144,47,477,1507,578,276,309,414,73,197
133,1615,953,954,436,4,35,747,168,53
333,44,29,804,3,3,1312,144,457,840,4,14,620,16
1928,199,103,923,1812,6,153,48,390,448,1463,468,20,242,777,0,88,198,1554,1406,11,957
67,44,55,479,136,35,1306,182,24,259
16,47,477,126,43,520,150,1,2,300
121,133,851,266,24,464,225,328,455,81,31,248,873
67,160,1004,4,165,560,171,153
658,8,324,391,97,10,31,502
238,1,38,441,777,136,1242,437,40,91,74,16,288,55,234
113,854,39,67,58,319,362,179,769,434,901,107
1011,1406,892,1415,89,668,88,122,123,197,197,5,1185,46,848,454,465
2,140,146,854,218,141,124,1064,376,1695,24,50,917,12,1339
69,4,135,494,1688,268,108,1304,705
1640,1489,435,23,270,3,78,14,58,2,520,3,1878,854,1865,4,125,1989,78,63,301,23,599,53
1251,228,395,30,16,0,31,114,995,1517
2,1343,53,77,31,115,1300,306,375,681
968,30,89,436,1909,8,360,855,1720,236,882,1259
1315,822,1602,69,376,205,608,5,1192
50,1106,1947,8,335,424,880,1280,725,89,305
13,86,1,3,126,58,35,334,20,17,506,592,1920,752
1400,86,39,0,434,213,190,456,652,1930,300,390
397,1733,781,492,590,1370,243,1149,182,1505,108,148,72,205,29,136,244,1961
17,901,33,654,756,206,444,1478,955,13,8,866
14,1477,11,29,66,66,93,343
74,15,153,191,187,986,51,225
354,1222,887,4,731,131,145,13
1056,465,499,613,18,103,63,117,15
173,1328,1579,523,61,1180,440,39,91,74,117,15
149,125,10,426,53,123,8,138,700
2,763,68,449,755,496,186,1607,330
71,93,11,36,216,182,1299,7
1,390,705,390,208,381,1269,33,1987,1043,696,1351
282,82,552,110,80,1603,654,1918,1782,417,484,408,155,22
282,155,1312,33,552,82,206,210,1123
1835,712,839,1095,155,513,22,276,101,93
1108,687,1381,108,1083,45,133,492
2,1168,40,15,364,21,201,61
39,450,107,34,347,1007,14,161,230
878,834,272,354,66,1819,492,71,133,457,191
457,6,230,808,46,275,301,20,83,91,133
89,424,41,897,312,3,188,81,8,171,121
4,792,326,438,67,17,0,27
67,837,1449,492,1934,0,126,51,216,1883,8,809
182,177,112,964,1722,1783,620,912
99,505,809,40,3,382,1290,174,46,48,708,8,368
3,1224,98,33,399,112,860,790
680,101,1235,5,1472,199,1638,993,1283
1224,767,439,1481,19,21,395,3,264,723
25,30,495,712,839,177,464,632,7
70,54,1,58,34,1128,47,477,715,145,286,199
63,283,0,226,21,4,37,87,581,1128
117,1567,208,21,754,597,621,155,33,110,68,60,254,298
227,129,80,21,375,49,1171,232,108,330
227,44,255,886,51,34,300,146,12,1685,1906,1040,17,0,27
227,176,48,19,1468,668,30,32,412,168,29,8
25,30,657,1271,191,1101,1576,1004
412,168,146,60,193,1211,1212,232,687,739,160
12,1914,772,134,8,859,32,715,0,1178,535,163
163,299,142,692,346,176,1137,248,931,412,168
2,892,289,189,510,1271,6,121
135,234,140,58,27,50,60,289,851,9,29,159,26
814,453,67,850,1005,771,527,967
395,1546,1594,87,967,41,288,8,427,9,159
345,118,44,1585,5,249,253,90,1923,5,424,579,40,17,319
185,340,19,146,60,830,436,168,105,5,253
63,120,225,11,614,8,1216,588,686,394
676,38,648,870,940,229,208,1230,772
95,334,169,114,680,1537,5,156
680,104,1501,81,78,318,153,170,0
37,881,108,205,568,78,34,177,952
815,3,25,78,657,323,17,458,60,25,228,53
390,78,821,155,33,1734,546,593,30
249,1571,390,646,926,122,772,859,712,839
129,521,236,821,555,859,0,80
3,45,492,226,375,1290,222,1034,21,8,98
114,1348,1035,21,25,1001,3,877,42,1098,3,265
756,71,25,1881,79,34,1612,50,200,1566,96,632,1035
399,32,806,480,75,466,315,42
111,179,199,1035,1,52,24,227,274,87,532,42,1035,265
2,224,803,37,708,182,33,84
22,27,370,642,680,42,579,1764,265
227,10,22,466,12,17,27,43,588,251,82,5,1207
1020,113,129,282,636,1904,82,80,6,9,60,206,33
31,1,40,46,579,916,21,3,624
2,214,122,579,21,13,186,29
257,107,1391,128,107,1391,180,260
227,680,133,63,122,1063,21,65,184,208,173,1881,930,22
1092,1283,367,819,45,23,876,466,22
8,416,155,58,57,1302,969,124
82,264,110,22,279,71,632,42
370,877,21,25,60,3,3,744,45,89,1687,1393
656,22,148,236,371,806,3,751,509,826,226,3,124,618,442,806,1396,1656
22,1292,727,624,60,371,69,6,9,1687,975,21,158
246,416,660,981,22,362,413,32,913,176,38,229,136,178,21,65,859,115,1261,293,8,1955,89,1464,22
1030,691,176,58,123,456,12,159,1281,168
108,87,568,292,300,1787,1658,1440,27,384
87,196,1199,113,294,218,540,33,111,260,34,1661
736,103,23,126,676,22,1055,32,1501,285,680,359,45,138,3,1127,856,1783,809,4,1873,205,1062
400,1677,170,1982,218,78,1707,67,9
937,102,125,10,986,53,20,26,110,228,7
227,29,582,50,45,20,17,492
64,392,741,21,12,297,761,0,27
40,601,24,35,1117,339,47,477
6,650,766,1969,58,466,0,4,24,739
671,103,457,47,840,227,285,57,1,191,979
5,253,1314,64,103,1097,339,168,35,729,1594,65,560,1751,47,227,810,453,962,851,353
144,86,994,5,312,629,89,492,685
492,1449,480,881,197,300,83,1238,428,875,444,339,454
70,104,15,757,292,296,153,444,809
37,72,354,254,712,839,87,895
782,158,125,822,35,663,89,205,1315,1342,341,33,45,47,477,249,300
609,31,18,224,9,124,173,85
115,437,1296,22,151,416,39,155,47,477,835
86,87,313,18,9,197,56,31
1,2,390,1213,47,477,805,184,1681
72,161,869,5,112,22,21,1994,5,311,1016,12
47,477,781,442,504,59,2,418,293
164,148,155,22,119,2,181,437,247
161,254,513,38,781,736,229,456,330
1794,5,335,27,812,999,23,1121,80,22
2,181,82,1302,33,680,256,159,15
883,173,1343,227,1289,1432,781,0,282
284,1844,563,847,360,1858,79,498,130,1000
283,0,1567,1026,680,500,553,133,6,505
422,47,923,104,13,708,4,160,505,1293
204,250,104,15,233,258,88,20,393,79,158
224,56,109,1,116,6,1520,149,766
1900,85,285,3,246,64,47,840,64
51,453,162,47,840,19,83,272
662,35,36,156,51,169,289,696,216,7
16,6,447,47,840,57,464,987,51,1,72,76,506,7
138,389,332,347,10,293,4,73,866,4,99,83,67,19,87,564
171,245,77,197,272,6,96,195
149,164,62,830,859,390,199,286,56,412,91,5,307,5,6
422,1,2,14,37,137,49,15,56,24,1262,109,545,242
166,47,477,213,248,102,1684,7
5,37,33,216,1163,653,663,1574,729,97
31,427,37,5,171,1283,425,214,845,191
680,1,2,220,109,506,1140,15
227,14,86,287,1968,47,477,26,986,40,120,150,3
672,303,981,33,712,839,155,22
227,135,814,5,828,833,1350,234,1448,133
79,187,114,790,364,13,34,227,417,177,63,701,206
47,227,272,1920,30,1122,600,1162
47,1876,477,64,2,120,1049,97,931,656,3,324,84,702,221,216,259,411
