1571,3,1246,444,953,713,1793,129
57,1131,148,144,628,665,109,1132,4,94,1794,309
310,148,1133,822,1134,32,396,106,0,361
72,3,115,115,275,629,666,157,956
469,470,102,714,5,75,64,884,1572,1402,363,2,84,349,715,190,1797,885,237,445,208,62,1403,250,111,667,1573,191,191,1798,1136,1248,886,207
82,112,823,1404,716,251,773,526,471,144,140,630,113,311,1799,668,199
20,20,40,957,397,1800,28,497,113,265,1405,1137,498,1249,1406,1133,422,266
887,252,1801,45,499,888,500,141,8,65,238
3,1407,104,889,1034,104,472,30,382,208,62
117,22,19,142,598,129,162,717,716,890,886,891,9,2,12,718,526,471
21,774,42,17,68,824,958,398,117,631,162,1138
775,21,719,1802,89,1035,0,1408,13,163
165,73,825,600,43,959,632,314,244,28,721,892,1250,28,267
14,90,91,364,221,1139,222,68
315,268,130,23,166,474,399,365,281,569
1,43,51,827,80,1252,603,1808,400,528,293
1575,209,529,85,633,1410,255,723
1576,9,776,828,1809,1411,1246,217
472,188,130,21,1039,180,316,1810,0,55,1577,55,83,1811,181,423,19,1253,158,1801,1812,1040,962
232,100,148,50,101,142,107,570,6,893,126,422,1578,148,333,1412
30,222,102,8,313,222,38,138,1413,3,25,960,448,10,102
99,0,401,671,780,233,1,188,891,781,0,24,1581,218
1142,1143,3,1813,34,1414,501,3,10,402,571,24,240,165
3,672,829,134,601,673,1145,673,601,134
5,724,674,16,50,635,238,1412
237,678,679,175,676,366,0,1797,78,1042,782,1415,181,27
348,680,234,681,1418,1043,140,680,425,720
1420,319,137,40,0,450,426,1421,1045,335,22
5,211,6,165,235,400,336,400,1819,1408,1046
172,832,832,4,532,17,0,725
319,726,244,1147,160,533,451,449,1254,966,321,285,1586,503,1047,573,1820,1255
504,1256,833,832,636,469,367,368,190,107
184,203,13,1148,244,1048,183,27,1256,427,180,1415,1422,218,13,82,352,211
1149,183,27,107,5,274,505,779,727,322,69,1150,834,368,1257,534,1587
161,188,65,5,784,10,571,24,604,240
405,31,2,506,835,534,26,136
19,672,1,219,1258,25,67,124,20,24,240
226,718,127,1051,1589,10,406,99,1151
1052,133,1590,84,1423,337,32,1824,773,836,1591,1825,3,266,1414
407,1152,24,1592,133,34,1826,354,963
154,967,1593,2,536,632,155,43
318,120,1422,286,1153,398,5,106,148,1827,1051,1414
574,4,176,28,50,167,296,968
1829,1830,1594,1415,27,1595,0,288
574,825,967,282,1823,1260,1826,354,963
161,1,185,318,257,117,13,539,371,1261,161,1262,87,226
72,24,1133,6,897,1051,86,91,471
134,258,67,351,540,46,898,1831,629,666
600,17,210,1593,2,86,44,43
201,67,1832,575,729,216,101,730,103,731,226,6,969,383
574,161,297,96,226,724,1825,143,891,105,143,26
354,79,319,1808,971,1254,289,202
114,475,1139,640,364,475,194,1
1265,90,1837,1043,1813,1816,1155,62
38,138,99,578,682,114,233,36,1838,8,24
114,233,953,208,62,2,72,104
1839,383,80,34,1059,780,233,56
152,242,192,45,839,45,69,32
177,823,102,541,126,1599,353,185,542,598,25,251,177,683,82,207,28,453,287,186,505
158,1428,207,607,65,13,125,902,736,886,148,46,1060,716,1832,33,140,454,1600,641,311
1262,1840,422,122,722,903,211,89
155,0,298,22,44,1601,27,365,130,21
1262,65,471,66,1429,17,114,20,608,158
1266,579,478,1430,972,258,147,904,111
91,13,303,788,789,160,192,200,1267,147
479,543,599,131,34,48,629,666
80,34,8,780,233,56,505,1601,33
1602,580,26,160,55,259,25,239
213,609,55,83,16,969,69,61,528,304,1841,1041,61,840,507,6,44
163,54,50,179,426,61,6,245,833
130,85,225,155,84,92,508,86,194,153,284,102
1153,62,39,409,410,290,3,455,580
13,1251,681,294,1603,544,25,790,1842,1156,35,383,6,891,48,666,37,54,221,973,339,905,246,102,430,1432,340
193,509,374,258,84,29,104,364,680,1843
162,1844,841,53,99,235,29,778,631
340,51,385,130,278,901,445,14,737
1847,157,906,204,320,33,901,445,59,363,188,527,1607
229,1273,376,108,9,8,976,161,736
82,1793,24,129,1274,341,377,901,445,188,428
107,133,261,977,1608,119,427,481,44,22,386,5,1063,166
34,221,146,6,1064,1158,61,609,775,262,959,325
137,341,425,640,543,303,17,1609,374,36,1065,977,75,62,738,110
49,116,373,204,16,140,410,23,1433,8,1848,533,907,482,1066
506,1158,218,271,115,27,5,32,387
1793,204,290,204,1849,163,1848,341,23,62
182,286,114,1435,27,85,1605,1270,23,290,378,6,512
1435,141,39,1852,1853,642,482,101,141,54,456,291,503,907,629,666,1605,1270,1160
118,299,188,326,3,83,77,1275,160
1841,309,112,39,178,70,205,200
41,383,612,1275,219,643,277,86,431,432,107,179,1276,62,546,295,5
1067,186,1434,195,782,543,979,956,1610
17,830,32,57,1045,1277,1827,1436,183
738,22,45,1278,374,26,1607,34
1,59,570,1839,548,19,1612,35,20
352,396,21,100,396,20,352,121,192
237,105,278,61,543,1284,396,480,352,121,192,119,267,62
786,180,203,1163,371,907,308,456,17,1855,1069,7
741,312,885,41,84,515,183,1856
671,427,400,80,208,62,82,175,307,147,146,39,1426,1427
177,389,95,775,160,901,445,119,11,1070
34,1285,60,2,1164,1441,107,235,732,409
1857,172,216,550,200,267,1043,25,247,96,216,1153,721,910
9,50,2,775,160,34,362,123,24
6,571,6,51,1858,896,32,168,516,0,87,5
425,3,216,267,841,300,44,22,197,981,742,1444,49,227,187,839
1136,1071,743,1445,25,79,83,3,908,1037,0,83
616,411,299,77,137,551,687,8,1851,1072,1073,216,411,1860,1861,1066
2,841,912,982,77,245,186,121,338,288,744,290,983,27
745,79,1166,3,305,614,167,172,339,543,86,57,183,912,145,77,1446,1074,5
629,666,82,99,261,137,253,833,398,95,530,17,26,62
537,1862,1425,901,445,289,1292,21,82,144,984,670,61
389,774,1138,458,6,9,2,174,0,1618
12,204,890,218,183,583,12,53,301,1267,1619,178,68,403,843,1863,600,119,0,1074,5
2,152,0,1618,68,1620,36,5,328,386
299,68,352,13,1284,1293,21,121,192
73,1865,910,190,912,16,172,826,456,1168,192
506,1158,187,398,218,688,517,2,169,689,1794,1077
412,977,912,46,30,267,62,307,147,64,65,325,343,105,49,677
130,719,413,147,59,3,485,62,634,512,259
289,1618,1620,386,1432,44,61,342
115,14,34,192,1449,187,101,846
121,1794,1077,1079,120,187,21,109,222
1169,204,538,503,384,11,543,41,119
501,609,119,77,375,11,10,64,647,15,384
242,19,1277,362,10,195,469,399,178,599
546,303,486,529,117,1,1265,60,2
247,339,986,20,1627,107,11,1298,1448,261
40,517,1,2,648,1451,774,62
1628,208,62,81,459,0,1170,56,354,963,187,21
22,901,445,44,1870,115,253,0,137
2,98,238,17,157,123,1080,691
1082,1172,84,305,44,1083,77,1631,1173
2,187,1624,1594,26,93,649,1871,13,425,384,143
384,629,666,42,172,143,60,2
42,297,1633,39,378,14,915,149,390,111,1275
476,372,543,345,916,156,130,365,99,23
16,140,22,46,159,173,480,102,7
70,295,1872,1173,1281,64,917,99,578
236,1084,1165,142,503,137,32,57,849
128,384,32,241,692,237,149,7
109,77,41,158,581,1873,574,1,2
909,149,97,121,354,54,6,422
412,1635,644,415,391,0,1623,13
650,59,49,86,144,13,354,788,170,531,527
133,836,970,1086,963,295,737,7
407,629,666,553,384,142,784,115
60,2,3,29,63,67,39,451,918,1454,1870,188,344,206
6,122,11,167,20,149,90,1
693,1875,201,422,28,106,66,154
1454,188,221,405,136,186,1627,454,8,157,120,93,43
323,1,2,632,91,1302,254,1455
12,149,90,888,271,1876,335,178
501,1277,1413,637,37,1174,201,8,519
292,50,29,116,570,313,196,48,447,919,185,416,526,1877,19,31,178,142,151,1087,794,281
210,353,235,19,11,85,508,1637,18,236,1457,134,0,134,148,483,55
1088,693,38,138,99,0,56,672,748,404,3,265,340,20
40,50,1638,101,778,589,1303,251,728,158,21,106,204,309,251,1056
151,40,749,37,204,196,28,1578,251,132,520,223,250,265,112,340
90,40,44,183,154,502,207,239,52,1089,84,122,376,322
1090,40,694,892,132,520,296,1878,1091,1639,28,306,956
287,1459,1408,107,8,1640,425,1460,1461,1092,827,303
120,358,989,89,795,300,78,0,652,79,38,17,5,635,446,238,150,892,32,196,172,107
1148,123,436,1304,1163,180,1175,160,1305,319,979,392,1641,1419,695
1811,1881,636,1882,1461,1306,174,0,136,242
1883,17,4,54,50,5,179,1884,344,89,741,604,0,542
60,2,454,43,79,1070,654,89,308,602,157,120
887,329,134,20,118,1885,57,1886,1462,118,243,1463,366,275,569,54,284
1088,693,205,136,1577,0,78,43,0,238
284,892,55,1888,258,80,3,1889,278,1444,414,0,1890
1294,1093,1833,1133,1891,47,502,1462
672,14,90,1,2,52,1583,333
79,78,150,140,487,651,397,275,1307
992,226,734,1309,233,1310,797,279,651,750,62
693,31,51,15,1176,416,358,0,452
60,2,1,1088,693,1261,93,1467,87,392,278,461
66,296,236,25,291,236,3,4,429,1644,11,221,437,87
2,12,16,6,167,981,631,296,100
1646,49,1468,129,798,36,1313,1887,1285
350,1892,1419,570,236,94,34,1893,53,266
193,509,97,114,15,236,920,89,429,1314,54
1178,23,279,29,780,191,78,13,37,127,214,7
994,47,8,452,5,105,161,1182,216,431,124,189
206,4,399,489,783,8,438,137
2,5,87,23,1145,31,778,191,124,86,91,590
30,12,35,31,335,142,568,1419,577
74,499,799,475,67,33,694,328,1854,35,3,1070
16,893,14,46,482,87,38,67,799,475,4
16,1,181,358,9,651,1182,282,992,852
487,133,1431,487,216,387,39,80,1894,452,13,1469,992,102,548,433,216,430,206,489
853,205,217,96,175,111,439,38,59
40,66,992,206,95,344,162,344,153,854,618,1884,344
693,4,130,131,4,165,994,91,30,921,475,1139
134,1895,10,9,206,379,832,1097,41,24,253,38,342,5,112,215
1645,1178,41,12,35,70,32,639,66,255,91,649,29,11,55,49
1644,1263,87,205,282,276,15,358
1183,1470,1315,855,84,5,995,344,206,461,98,358
70,201,190,268,168,254,573,358
84,995,489,997,1316,697,1178,1,201,854,1097
68,201,119,4,276,1184,1178,4,232
6,281,534,425,156,912,55,137,382,279
776,1185,0,450,31,197,11,26,16,6,228,39,279
448,3,50,2,287,1421,956,922,1886
54,279,799,698,136,611,202,163,152,93,5,89,42,343
1,73,23,142,440,64,1312,4
45,59,23,8,5,35,754,545,155,22,211,32,732,73,15
1088,693,1,291,1644,790,1182,651
79,137,1317,1471,89,3,83,691,206,301,47
1650,1099,23,996,49,581,305,487,109,610,440
2,70,1182,14,147,1,4,55
28,227,1,480,32,1651,19,788,92,754,5,89,206
2,1642,1652,42,4,601,16,981,8,56
242,141,291,38,5,4,9,153,59
1088,693,108,1647,240,309,452,138,653
650,21,116,166,291,165,12,37,747,38,452
16,70,24,29,42,591,1250,47,1654,190,388,19,133,126,480,32,6,281
41,1883,427,1458,355,6,52,4,429,620,153,570,462,1475
45,56,460,17,1584,1899,1100,364,669,78,205,750
205,0,143,80,4,338,20,20,9,55
25,233,1900,0,1463,424,270,22,279
2,1476,440,23,298,1655,1434,191,33
82,132,53,1087,128,21,299,159,32,11,38,3,601,16,4,1901,999
780,191,117,49,36,424,197,32,105,1477,69
116,33,547,307,233,22,1263,270,8,392,1188,1296
60,2,993,27,163,1902,83,388,469,84,243,1319,1658
9,153,1268,121,287,1072,1820,89
498,116,1659,397,193,288,304,76,6,51,615,487,651
2,156,282,3,112,40,269,7
127,791,94,86,1073,40,38,138,100,554,457,996,328,23,55,49
164,14,122,1847,727,32,75,521,107
151,226,729,50,2,9,526,651
909,161,1904,37,54,147,804,653,84,731,11,143
93,454,30,206,27,126,463,1057
18,470,100,555,0,731,132,29,25
16,90,1,2,318,80,15,52
1090,1,2,1876,101,235,311,639
990,251,173,1191,990,27,730,1908
47,114,490,313,556,407,1044,147
1076,136,464,652,458,1192,152,43,155,180,697,490,795,36,1001,185,380
11,588,338,1663,158,1266,182,428,136,1829,5,46,129,91,490,0,1481
733,151,463,130,79,15,1480,392,677,265,239,340,56
8,94,298,285,1316,34,17,93,859,1102,1910,1881,1911,46,378,1912
114,1482,636,1320,1088,693,371,143,0,267,34,993,94,487,287,184,87
60,2,586,160,89,3,83,17,43,860,1666,1321
130,537,62,267,82,17,1322,34
498,104,1467,0,986,1066,25,114,20,116,22,1323
656,55,1667,80,98,291,155,22
693,291,1588,38,611,311,487,651
259,39,59,85,267,837,1480,392,196,133,1668,160,1285,26
730,1196,17,285,822,1669,176,87,1479,173,83,0,1881,392,47
108,9,1,2,256,267,120,622,285,36,292,255,34
682,152,1484,1913,1131,470,1327,959,69,464,415,20,1909,1327,308,27,43,1442,2,2,861,1051,122,1914
265,505,207,1573,604,1197,1485,778,70,1915,728
1198,207,79,604,1248,141,16,53,1281,29,124,1153,632,756,1486
1328,4,182,11,0,1487,148,471,4,714,1873,641,4,17,5,430,804
491,530,301,915,20,32,11,0,170,1488
37,210,10,8,330,600,91,1199,303
959,13,59,1166,549,299,250,912
571,1916,1200,142,925,611,60,2
40,40,109,109,72,73,260,68,701,331,331,190,87,82,1917
377,166,34,70,526,239,487,1475,540,1480,392,73,183
1918,2,1467,291,1281,5,32,583,451,1673
323,1191,186,1184,170,24,1329,81,302,806
926,205,166,46,30,244,1161,62,208,62
25,1274,256,22,211,426,40,234,517
211,21,39,2,1286,918,25,216,3,1002,927,668,199,1051,69,464,5,1888,203,904,1175
1003,469,1,2,1201,57,319,1488,1330
197,1004,359,10,639,124,1328,144,7
8,641,129,37,8,1331,52,1202
35,37,631,87,497,686,1104,668,435
14,64,1,60,2,583,401,112,118,72,583,858
1919,1332,415,126,484,252,84,59,53,12,64,5
1135,928,3,191,352,189,755,408
60,2,785,69,374,174,26,341,40,682
862,117,863,426,83,22,44,15
154,44,382,1173,510,248,137,227,1281,1105
862,586,95,1106,900,15,162,426,44,656,22,922,798,1457,85,1921,1489,492
32,556,4,38,257,0,3,492,1854
862,1849,0,1921,1074,741,0,27,2,585,0,652,0,304,1106,865,385,225,147,1135,248
246,146,15,50,165,57,137,38,1467,402,230
196,106,798,461,1483,3,1292,217,592
862,1333,333,148,1087,861,217,57,243,102,798,196
615,418,53,1610,189,82,317,798
35,1303,196,547,866,573,1483,279,1333,0,731
9,1324,1162,198,151,1901,808,95
1087,216,126,18,57,10,15,1205,758,241
94,1199,1471,0,833,698,28,163
2,739,244,160,1106,80,15,1678,219,162,53
1039,1037,695,237,689,15,95,82,438,1490,218,602
1078,33,1678,409,125,702,1206,444,386
1679,194,582,146,671,72,107,81,19,528,198,483,15
1046,809,229,399,309,72,1078,33,1335,1678,232,6,232,1491,746,238,6,1922,1923,1924,927,464,194,592,1333
297,810,285,86,851,234,41,44,13,107,371,528,13,301,687,8,95
1493,234,3,786,371,248,59,0,83,80,392,1925,1313,1185,95,1106
633,1336,27,17,1322,13,269,83,617,3,652,414,0,633
227,299,253,83,1313,238,93,36,703,27,1208,344,206
95,1490,0,1199,2,1488,1330,23,5,835,1107,0,248,304
556,657,13,50,704,1927,0,835
16,4,747,97,1407,916,105,341,184,539
106,1202,469,312,3,460,538,592,1007,112,11,169,448
93,735,24,18,409,592,1008,887,448,201,30,1638,232,50,748,487,651
9,90,333,757,146,56,152,544,208,62,845,329,75,122,480,123,1331,87,358,651,462,1475,19,105,1467,30,614,146,84,29
929,30,440,173,4,730,368,167
91,358,3,279,5,992,254,440,503,1906,84,56,191
20,40,291,11,221,329,274,1247,503,736
5,87,93,3,54,34,6,397,1162
46,541,311,291,39,611,3,1087,861,217
130,85,267,68,461,592,65,1479,301,705,313
377,166,99,0,928,419,0,592,1333,361,109
16,155,651,279,252,241,1006,7
1476,4,601,167,29,4,100,25,29,848
178,1009,3,69,794,848,990,1495
28,1928,149,272,1,60,2,152,269,83,192,445,208,62,178,1203,153,129,5,6,1683
4,1087,1914,101,173,499,990,1495
6,930,61,13,13,133,461,1327,723,920,1336,101,31,185,737,373,979,520,33,456,634,361,4,52,588
199,1109,534,604,812,72,361,19,406,647,1929
608,1684,19,66,1055,416,50,2
175,199,1109,289,131,0,0,376,144,1204,190,24
132,309,968,219,1191,114,168,1496,185,1876
655,56,78,108,15,91,472,1685
221,989,931,12,86,150,845,1054
158,777,856,3,1,2,57,78,120,43
1278,28,331,459,113,93,92,589
357,115,900,1907,1796,599,510,84,57,1794,1932,1595,135,466,567,36,306,281
1668,166,30,570,178,6,145,0
8,354,963,104,291,28,629,666,78
266,126,24,868,1590,897,42,38,138,1413,3,25,8,313
158,39,547,24,684,144,454,1933,209,416,100,1339,607
28,179,3,123,24,553,54,196,542,102
122,45,10,125,167,201,147,3,287,35,1146
1803,136,256,183,1138,691,1253,217,62
17,321,68,986,1934,253,213,115,319,85,1047,213,1076,344,1935,203,446,482
133,1336,1038,1169,446,61,417,1317,300,415,1340,1201
182,1871,128,592,261,244,259,40,680,1497,720
115,1591,552,5,1006,547,850,720,1297
10,57,271,24,1936,35,1011,1937
348,965,22,572,1201,211,993,48,447,919,77,163,93,180,398,36,163
60,2,433,50,155,22,650,632,17,147,72,446,502
64,1,463,521,8,323,35,1209
182,1196,379,73,186,1341,205,17,229,869,0,786,27
53,129,1,2,200,87,12,101
430,357,39,433,199,1621,276,584
832,82,475,67,55,242,8,52,628,4,100,12,615,7
1080,17,23,1174,27,48,447,919
58,34,1,46,1011,9,433,30,7
4,31,199,4,31,63,4,54,866,37,1205,118,46,761,101,23,55,49
88,1,2,494,159,222,103,581
99,88,126,234,1268,258,67,25,518,1498
2,277,228,88,283,5,686,67
88,1616,1938,750,259,80,87,163,441,184,7
156,102,278,35,88,6,156,870
409,9,60,2,1424,748,909,340,1456,363
25,1091,258,475,1139,1463,657,102
222,566,213,620,475,67,981,106,733,8,1939,84,30
2,161,69,193,166,127,66,189,831
623,566,102,84,671,429,441,64,838,16,981,1209
66,606,88,870,582,292,15,476,441
4,105,47,761,175,35,1614,1342
1,54,613,782,53,35,337,1083
63,54,284,4,116,1334,0,87,813,116,441,7
200,292,1049,321,1,66,1689,153,115,4,30
215,81,99,408,29,76,156,166,402,215,37,7
2,215,631,130,88,23,26,7
318,6,145,66,37,115,470,266,932
66,37,441,115,175,932,672,156,343,72
16,88,31,1334,191,493,724,1,4,167,9,198
1,476,279,4,1941,143,77,762,1209,36,1,724,41,11,1500,142,301,628,11,15
96,164,80,1343,1344,1169,642,446,1691
142,16,172,1433,933,43,1343,343,1148,1097,544,1501
493,557,23,34,1834,277,88,23,26
474,46,1502,13,645,331,4,142,315
441,1,47,55,52,1502,252,954
262,277,169,191,385,76,88,1,53,129,88,51,582,441,1,4,52,55
41,1268,76,128,67,1498,175,153,724,88,531,1665,279,143,23,26,56,593
493,23,15,1274,25,15,91,15,137,1942,331,341,62
156,738,75,1942,377,119,137,53,1608,156,492,17,3
1608,1,6,281,615,109,105,43
2,53,109,40,153,222,396,95,0,297
56,37,645,331,315,42,125,47,1943,306,1278,15,142,292,1692,4,700,1692,1865,688
1,102,6,355,302,22,738,128
189,277,156,189,536,32,148,493,189,53,4,17,1944,343
18,120,28,1,2,714,106,18,245,1110,361
108,1050,24,414,0,108,129,0
108,190,717,1596,667,466,1086,178
1841,203,27,125,801,570,1503,318,1432,904
289,8,1504,78,0,202,116,30,404,11,32,1800
60,2,152,465,147,1302,82,500,254,789,788,160,691,305,1945,1012
79,111,697,490,774,814,26,136,779,449,17,27
53,302,1196,240,1147,368,133,1847,10,727
172,636,123,1170,489,8,1047,1147
93,85,727,640,482,456,386,1318,1447,30
315,48,523,240,0,641,454,43,489
144,115,0,1147,66,1946,181,394
13,128,1639,316,80,325,83,706,1145,55,244,183
120,27,144,269,83,1192,1947,50,0,463,521,1209,41,286
35,286,102,120,144,126,504,782,1442,173,3,3,933,3
3,1201,25,1149,1201,258,75,656
9,96,77,1637,172,11,49,166,504,133,828,37,23,49,261
194,117,424,194,128,166,1948,172
144,55,1340,1949,1577,1422,9,1340,415,1093,1950,1100
19,56,316,4,237,113,0,415
1345,126,123,19,31,26,87,90
172,63,109,180,1175,27,1586,180,1305,640,979,436,1163,636,1951,504
37,758,127,296,1689,1580,567,1952,404
623,76,204,6,484,15,400,233,578,42
210,54,98,143,11,10,91,8,313,0,1657
201,148,224,65,1600,471,148,526,1248,567,301,19,1695,288,689,433,1342,265,311,99,0
418,722,28,354,963,629,666,384,17,26,87,252,298,526,1052,589,716,301,4,185,1681,158,6
80,82,1459,180,697,490,1696,23,408,42,4,64,391,13,630,4,634,1928,549,1276,48,447,919
707,28,133,459,363,20,190,408,29,87,1094
155,0,400,233,39,763,296,1014,1274,374,208,62,221,488,32,275,291,8,311
39,60,2,370,45,221,1663,69,464,349,1076,632
1281,1039,164,1009,29,1953,33,149
53,311,24,126,1,857,376,102
157,165,910,2,72,44,322,1211,40,319,1954,426,965,22
5,211,272,1057,67,696,312,830,373,680,436,43
739,157,120,15,94,1888,1811,0,1505,694,650,136
988,48,919,559,8,24,14,151,167,1955,1956,432,420
47,127,23,858,1868,350,10,602,893,1957,46,129,92
132,129,35,589,668,199,1506,266,1507,36,1698
909,1,2,509,84,148,224,1213,679,7
929,101,50,2,1209,173,47,35,1346,5
623,84,28,8,1814,694,1214,1347
1348,628,279,106,8,867,318,98,120,1322,2,618,8,43
14,366,227,8,29,1209,1272,251
28,1814,144,241,66,865,1892,1508,16
623,59,371,322,120,36,1350,934
47,725,1900,1,749,705,570,157
5,152,136,89,1035,0,1699,36,3,1958,1959
2,336,267,1481,814,26,13,303,385,262,123,41,15
5,277,115,35,1498,189,1,66,189,477,69,193
243,620,339,309,999,4,46,605,581
477,38,1440,1510,30,260,1351,226,974,8,1499,4,466,237,573,69
362,4,195,132,999,475,67,494,844
57,329,132,236,166,1700,531,339,696
297,1613,0,55,498,993,309,839,31,608,1482
291,135,1429,764,886,43,1097,544,1415,27,830,1701,1035,113,517,642,503,397,350,463,521,107,7
45,10,96,77,184,49,47,46,129,494,1334,987,53,299,211,129
1960,188,363,416,1445,1511,741,713,441
557,385,99,329,24,534,151,4,31,854,416,1055
484,459,4,498,503,350,1086,59,512,355,284
101,701,302,87,124,312,4,128,367,0,96,77,129,844,17,0,20,11
1576,1197,0,1576,154,1702,122,125,331,56,593
491,623,127,48,919,913,493,557,1821,1215,307,67,11,1512,4,340,227,5
151,738,22,168,6,31,1015,1903,579,49,111,1294,137,3,22,1942
318,787,125,689,2,262,405,136,444,1795,0,703,27
2,1,680,1468,680,138,12,483,513
118,54,567,75,69,236,22,270,174,44,567
513,37,657,1,2,1353,396,44,22,72,53,5,1961,1962
96,77,1137,65,1468,174,244,321
14,18,1342,79,25,137,6,902,1004,1927,137,0,450,319,530,22,61,6,9,7
493,557,19,274,480,929,900,908,113,5,173,717,151,6,9,494
134,25,216,53,254,3,142,107,49,368
987,1513,502,567,1209,1580,132,1216,1054,4,1002,42
523,6,361,1701,544,517,476,813,1514,4,383,204,98,1164,733
177,602,502,1209,724,5,87,282,76,4,11
670,168,143,62,37,1164,84,904,491,623
10,292,111,37,330,330,154,115
708,1515,311,535,624,3,56,135,481,168,1703
448,1964,178,246,416,52,1277,438,733
175,570,235,20,176,341,911,49,1355,453
60,2,775,1965,824,398,46,42,69,436,365,1282
28,45,1572,605,28,171,497,5
372,514,46,189,104,67,351,111,268
216,418,1968,1930,23,536,278,122
514,1422,1904,5,220,297,82,237,41,0,467,1131,908,894,254
220,3,171,924,514,477,696,647,193
107,1517,715,1200,1041,266,382,837,193,126,220,1680,894,109,905
734,63,220,80,34,659,114,682,130,708,560,93,1969,349,1897,1185,290,708,1515
56,797,164,5,19,261,1212,240,236,114
659,708,560,671,561,25,339,68,117,288
3,111,115,430,103,1704,1660,1970,718,7
295,1458,88,1221,521,20,171,140
25,220,109,20,1660,1970,334,521
708,560,576,85,1688,1102,85,633
350,1892,816,477,1705,708,1515,1017,3,576,655
220,66,274,171,68,975,352,13,603,88
765,935,345,49,164,441,245,166,80,25,220,1071,278,708,560,488,31,1912
220,23,290,445,37,39,88,584,576,76,145,1705
35,858,86,269,1518,203,55,13,1147,144,1093,515,744
140,39,584,417,788,0,1102,242,560
1222,32,16,171,1518,39,317,1102,169,775,417
1052,96,5,621,685,497,104,1973,1974,168,797,553,28,408,1357
10,41,92,1150,3,101,92,508,8,10,64,92,908,312,125,646,581
19,406,45,28,17,923,1101,96,5,122,158
247,339,905,45,250,48,514,477,1200,224,468,1018,249,10,589,716,33,28,102
249,123,1191,553,28,1576,25,1976,1895,930,1044,561,146,1145,509,624,166
488,1,134,329,64,8,1352,653,28
242,10,342,0,329,134,10,195,329,7
12,16,14,37,18,269,1513,1358,673,195,47,718,42,161
57,75,777,13,701,1649,478,61,0,83,72,157,204,7
84,56,1706,222,235,235,469,105,1015,26,80,83,615,309,105,85,1359,159,113,83,235
6,281,5,599,17,908,95,1096,361
144,207,416,723,394,106,32,237,129,594,1360
45,468,32,6,219,1920,9,1052,180
107,286,685,17,0,1874,1633,286,1113,4,207,1052,72,32,107,295,5
524,936,736,316,269,468,5,284,5,243,813
50,1111,154,1930,872,253,242,584,417,88,106,29,151,1978,699,73,42,1979,8,350,430,260,240,352,13,603
655,1504,462,1441,78,59,669,92,575,856,96,5,276,753,306
491,220,171,1980,99,186,260,140,49,166,114,29,1520,104,0,56,63,734
88,166,20,511,383,481,1157,797,372,1601
1059,104,40,1043,934,419,17,61,68,105,130,1707,419,126,967,305,31
79,1518,1981,305,708,560,839,540,0,83
30,68,1660,1970,176,260,1146,14,140,88
918,382,539,73,528,616,88,5,1341,1521
9,954,615,80,104,512,659,1220
198,419,45,40,1982,163,209,290,26
68,3,278,88,104,393,23,1222
5,1174,444,312,151,12,1801,1324
328,92,643,98,28,243,849,984,10
9,54,987,104,232,121,39,88,1651,1074
431,772,858,187,44,6,14,54,610,88
72,957,367,345,300,125,174,0,288,80
9,1,120,989,594,50,123,247,0,96,220
99,363,148,88,1284,9,154,643,100,376,918,88,265,397,88,387,73
594,522,1,573,92,96,5,754
8,6,1683,209,1071,4,100,1431,1360,35,1606,1984,153,387,553,1350,717,579,365
97,18,660,28,92,508,96,5,37,315,18,9,1985,634,15
303,227,73,18,37,28,677,567
686,298,233,63,117,403,1515,786,39,838,8,797
1019,95,636,1148,1599,976,1002,249,928,419
28,1579,328,550,1075,35,547,268,709
40,4,555,126,164,54,6,177,118
165,825,187,21,3,271,96,1154,112,109,178
1950,43,860,322,183,1891,1072,0,1020,70,207,334,858,729
418,222,8,1225,12,1312,3,284,1289,930
197,10,113,48,514,1,60,2
1071,88,159,148,4,407,594,729
491,142,271,1137,273,132,96,109,8,178,72,207,127,153,36,72
454,117,515,96,27,2,739,3,886,157,120
457,88,53,274,67,26,850,469
220,5,870,418,1524,111,29,1708
261,21,1868,211,40,1043,551,911,62
14,9,30,113,491,220,1,2
90,229,64,1420,18,49,799,146
130,453,937,62,8,439,498,104,709,174,0,1075,323,102,1991
239,464,45,1679,451,311,39,363,937,320,567,134,63,244,21,186,646,243,520,29
479,96,5,239,219,315,101,219,1943,526,6,306,20,183,88,218,458,26,817,187
1804,720,99,1226,78,1204,397,1973
1992,1709,176,656,80,1710,80,221,1710,1523,319,616,1972,1165
82,31,35,1498,5,32,59,26,616,585
315,497,19,338,183,172,674,1882,1173,19,104,184,49,299,171,26,59,973,775
373,249,555,72,35,1503,60,2,6,791,197,69,84,515,134,41,1696,96,220,468
13,5,295,783,33,127,69,889
1443,14,3,20,141,118,760,1191,1621,284
713,50,158,134,1287,362,1339,96,77,48,514
272,271,25,67,351,924,173,141,49,258,67,105,1337,1520,277,279
3,12,73,24,281,19,4,100,43,12,219,749
432,46,396,13,386,88,63,1525,1834,48,514
13,195,1519,88,397,378,5,4,966,1958,418,710
135,1009,63,114,29,1520,88,12
38,11,915,45,64,78,605,559,36,727,966,1958,424,37,357,177,173,907
3,497,5,1212,529,560,529,6,171,171,49,12,4,104
108,15,262,759,747,18,128,24,578
926,233,249,99,15,551,170,659,1220,708,560
111,65,220,10,1971,133,437,186,659,1220,763
603,8,265,220,107,8,1177,514,82,262,277,171,514,477,674,1017,312,499,28,1834,284,4,140
64,378,138,134,2,86,930,49,673,473
902,3,134,41,64,730,105,675,1211,249
458,1138,1713,45,186,17,126,1050,938,82,174,319,0
99,22,481,2,1514,181,15,504,884,1148,20,283,154,830,171,126,830
1436,241,364,780,581,92,2,891,382,140,510,751,382,708,560
216,418,485,208,62,4,722,1002
1112,458,25,378,180,285,43,1526,1021
27,766,321,650,322,1714,253,36,69,1047
41,1466,1286,1328,129,219,0,24,157,50,585,0,482,454,1424,1993,1211
719,465,46,30,622,751,345,30,576,708,560
288,316,201,336,0,1116,756,463,1102,913,269,83
873,2,4,261,873,586,584,46,47,8
249,130,163,1202,543,65,102,428,1696,84,3,567,305,512,1110,124
708,560,8,669,619,1044,419,244,736,659,1220,732,1161,7
576,285,0,1015,83,6,9,344,316,1715,832
659,83,560,576,874,779,863,1102,842,775,244,633,818,285,1969
249,181,15,1197,1354,417,39,158,288,6,1152,9,394,80,745,5
2,6,9,1227,27,1855,43,201,101,150,0,1102
345,85,36,1103,655,1409,59,0,238
1003,1705,23,764,751,400,780,336,85,417
617,865,174,0,167,508,262,20,123,15
631,130,345,719,1410,823,316,1166,165,1615
345,873,791,873,64,751,16,169,633,576,899,133,875,1967,818,905
2,394,30,1015,83,174,0,27,8,121,1625
69,20,237,59,128,1117,1066,871,41,1716,767,225,865,288,42,818,151,6,245
14,31,73,816,131,366,8,194
307,147,341,377,26,797,2,82,184,248,655,576
824,5,1528,1995,55,789,782,436,1254,550,1529,721,66,184,1972,303
18,87,682,18,375,104,217,42,310
472,5,1,173,31,268,17,1528,188,1673,789
80,249,21,377,709,39,1664,0,202
2,465,1403,70,522,741,0,27,3,64,1937,309
17,90,1,365,113,257,136,108,8
16,872,28,25,92,96,220,748,411,15,621,1022,367,754
776,92,1717,19,1530,672,674,924,37,219,315
274,226,220,409,484,708,560,529
692,436,1720,656,92,171,753,1104,1532
11,499,957,1110,1996,1719,436,1254
3,166,560,660,1220,1017,1203,6,165,937
225,288,653,960,376,186,1920,249,226,861
616,411,1045,163,72,0,80,83
39,1533,721,1722,804,1156,1533,1997,1529,721
12,1509,363,424,8,1533,581,1998,490,721,1579,1156
2,1,458,85,5,848,179,468,800,178,293,1723,727
372,514,121,709,44,22,609,318
1420,1995,137,650,321,186,107,72,378,542,1894,1046,181,692,1061,939,417,505
1681,1534,206,1877,100,386,1990,471,107,27,371,322,267,995,449
17,244,238,1184,809,43,126,157,177,98
2,405,152,202,1187,13,1504,78
6,1055,406,63,604,179,96,220
16,1,111,5,157,204,18,193,1357,24,8,127,958,876,1208
52,101,113,69,20,625,57,69,51
96,438,59,13,153,156,250,725,238,79,1338,700,79,1911,73,297,4,99
400,15,1004,763,178,1066,453,20,20,586,259
180,1719,103,116,1003,82,292,1968,1719,1290
400,400,15,155,101,917,298,75
127,214,739,958,126,68,8,43,811,27,126,292,84,542
156,49,640,297,216,46,30,532,86,1295
183,111,1926,460,536,485,904,178
1584,1017,342,1179,170,8,38,189,52,30,981
277,126,135,387,96,80,149,8,876
42,13,41,634,55,1116,54,284,112,118
198,439,215,62,165,533,26,504,590
16,23,855,268,847,193,763,295,1016,112,222
414,1634,1537,59,4,1332,1725,27,1444
874,1726,876,874,228,68,488,12,427,199
645,175,19,645,186,86,157,1016,189,34,63,76,101,6,100
171,9,350,418,1343,1712,41,822,924,137,190,1229
116,39,262,171,550,721,119,163,818,370
126,113,129,1318,274,1046,141,1215,1596
121,168,26,171,653,764,576,126,435,31,26,1254,338,1173
16,1721,1,2,111,5,252,753,458
18,53,109,43,423,204,870,584,18,402,15
53,232,28,14,73,37,1863,327,1062,60,2
491,220,1357,939,614,480,458,2,1362
111,514,193,364,518,1525,584,84,171,477,10,11,193,254,1539,180,895,414,0,427
258,997,940,120,194,683,60,2,28,67,27,201,196,185,102,542,433,24,12,1677,128
45,177,653,420,78,545,762,684,502,65,692,539,1656,480,78
1363,4,748,672,86,124,545,113,806,39,123,0,1219,219,1729,1023,149
45,3,63,50,376,1080,361,100,397,1019,134,92,589,53,375,53,646,113
67,969,15,69,1223,28,1540,235,102,1018,683
250,89,3,1159,518,64,397,519,527,715,391,1230,1149,1082,134,589,999,1880,265,519,498,1364,28
975,10,292,60,2,296,510,584,5,543,639,1231,25,146,678,1980,198,230,169,828,1456,240,113,28
10,849,587,353,196,265,542,185,310,1052,337,1187,815
29,510,817,1115,1453,61,42,356,133,217,435,352,129,299,178,1002,808,133,435,1168,525,36
42,617,874,510,121,1693,36,507,1713
60,2,152,3,83,683,251,451,3,822,1730,86,41,1661,1115,69,959
135,540,441,29,111,671,208,62
60,2,552,1219,45,23,137,426,965,22
788,69,325,59,389,49,512,136,0,19,257
5,211,96,335,1731,125,1590,516
1185,391,13,69,860,164,1136,1411,11
17,1501,389,6,9,27,703,43,319,36,5,133,1598
72,157,97,204,448,112,340,311,979,520,331,266
212,100,15,1494,134,1530,582,157,376,41,240
96,5,425,136,534,1807,336,512,1884
103,1,372,661,388,151,161,8,87
1826,24,255,100,393,134,19,31,26,1530,388
661,87,215,422,296,1597,837,0,1844
558,1025,96,5,297,1109,118,16
1366,289,325,558,104,237,114,298,67
23,26,1414,79,93,1017,278,1024
46,243,452,176,148,128,1287,1256
67,193,1024,106,112,170,590,439
580,25,114,684,85,34,4,57,126,778,191,124,4,53,128,21
133,611,1367,550,796,4,9,715,175,65,42,1137
129,134,79,473,20,68,75,1159
66,1680,583,4,52,1485,826,20,47,884,34
866,486,6,31,36,36,69,772
3,265,610,45,573,21,250,1840,270,4,53,269,355,284,211
572,1069,1336,53,296,9,1368,111,1504,4,409,21
3,1407,143,174,0,202,160,346
752,101,294,143,1001,740,438,189,65,432
44,1631,978,258,8,1117,997,940,0
322,1026,43,1207,489,1501,767,82,391,13,1118
283,1,714,202,837,21,128,938
79,767,68,344,1100,0,1606,1735,143,1118,114,20,1845
80,1736,450,215,11,111,486,19,1370,3,13,93,492,36
51,447,18,175,192,21,690,606,1024,1271
192,961,1666,1418,180,1533,961,78,492,253,44,917,242
120,492,602,205,0,1321,931,1118,150,56,0,767
128,1017,974,1137,88,1430,106,1299
988,100,101,37,59,101,31,57
265,717,46,10,14,1581,367,0,59,84,30,129,86,296,52,153
72,6,847,957,263,474,80,163,126,1737,874,235,886,191,117,54,331,772,547,193
20,4,1541,21,22,270,0,827,873,4,972,432,4,1319,34,1493,580,1199,13,817,488,5,36,1187,5,1065
1037,613,45,4,187,22,270,525,163,36,5,1006,1369,317,885
20,109,27,42,444,29,126,280,352
2,23,81,46,3,53,23,26
39,116,546,27,8,560,174,590,580
252,935,619,25,336,451,1360,418,168,1738
141,70,283,35,1654,198,30,484
24,117,45,88,211,692,1017,174,1352,592
3,218,2,753,3,50,112,340
88,79,1024,1229,1514,46,241,225,142,270
414,54,35,240,179,133,201,1172,78,516,0,558,178,1025
20,181,118,699,16,1425,1643,1167
545,587,176,729,1858,260,337,274,183,476,1183
16,672,88,23,193,1024,116,16,122,15
1667,29,280,67,40,88,100,680,121,286,152,254
257,1740,44,767,3,13,258,1117,997,940,1623,3
142,200,99,239,346,17,1191,101,11,0
656,29,11,143,88,116,166,540,111,65,1732,1371,3,0
0,324,29,1906,294,1703,1732,1743,11
107,104,268,1589,1360,1169,302,283,209
241,225,84,134,589,283,1744,64,153,6,368,393,497
252,935,1007,683,1203,109,0,259
72,328,51,129,151,608,1727,85
98,16,760,559,30,906,0,717,558,178,330,4,500,3,34,227
457,88,215,124,25,67,780,518,222
20,193,1024,197,117,49,266,124,63,456
57,1447,228,45,857,56,616,585,1544,11,0,88
96,5,79,1305,767,59,202,654,0,258,8,1117,997,940
760,381,349,555,143,472,1189,283,1272,173,1547,1360,176,589,851
260,479,94,368,376,32,145,15
533,303,566,802,1745,78,289,0,202
1,29,558,961,78,144,93,174,756,1533,852,489
39,573,669,0,304,21,1443,14,10,3,78,131,250,545,30,848
2,803,389,766,669,78,181,633,158,1949,667
19,91,802,78,501,15,492,815
19,154,91,194,37,78,961,558,3,237
18,99,0,29,25,29,577,492,78
185,1004,239,41,11,15,756,761,0,15,36,669
60,2,152,20,413,89,1035,300,43,766,0,344,192
774,490,814,26,136,543,449,1328,1012
72,372,661,41,130,756,42,1540
60,2,155,43,94,1444,0,325,136,1302,254
148,50,4,501,573,134,516,569,979,520,382,154,361,4,140
6,815,190,1286,573,1710,144,1063,3,1108,1223,717,296,176,3
184,1747,45,1335,1678,1748,148,296,134,11,804,1548,9,692,804,42,29,763,1475,1174,1406
749,45,5,692,804,36,66,33,635,28
292,3,1610,757,29,812,953,446
169,1044,561,439,1737,251,683,1638,1271,1156
16,1,37,1,5,236,8,1687,1082,36,66,414,91,49,105,175
28,3,1362,15,401,328,223,1872
600,13,143,1118,853,1475,256,0,1657,242
75,94,10,205,274,346,661,274,148,128,1025
216,20,178,399,599,1603,1339,942,178,1041,439
604,271,532,368,393,229,529,125,10,1856,33,1985,229,529,125,377,1025
28,1733,364,191,1741,114,298,29
17,142,606,265,851,205,0,1249
14,364,191,1485,581,168,143,168,1931
616,142,1026,124,20,4,57,733,1233
573,5,6,184,25,283,30,594,1360
595,423,715,349,176,1707,349,1441,1483,581,183,268
471,66,1858,638,1292,497,374,268,508
547,851,476,316,5,1331,456,1002,183,997,940,545
294,1750,32,269,30,32,930,268
1167,24,283,4,11,0,547,185,1943,312
1131,715,641,165,28,0,683,5,1213,1167,394,166
67,1019,794,662,176,167,785,1470
1549,67,123,182,1022,432,222,587
144,1,2,174,1417,702,483,715,549,661,1025,78
161,1739,10,1592,75,216,1470,10,201,658,433,81,787
345,292,55,476,940,1477,1010,476,715,851
422,1477,113,80,268,498,1010,540,229,1027,361,1010
16,14,210,10,108,95,162,94,224,342,96,661,164
54,1,118,401,13,108,15,323,1537,221,146,1411,82,30,272,216
113,56,1374,860,618,955,727,133,461
637,119,1,87,29,17,28,96,661
43,506,103,661,89,1405,278,1232,1235
397,926,307,63,81,699,278,1232,1235,40,121,145,1661,619
81,45,604,162,1019,145,247,47,749,416
639,96,188,430,103,107,767,39,303,372,661,430,1375,278,1024
1219,10,261,1064,63,310,1232,453,604,162,48,1116,130,633,3,93,1376
417,394,935,106,1980,1750,856,1547,416,99,363,1474
615,226,24,327,606,1712,18,170,13,0,1290
428,136,775,21,1259,1072,0,1020,1038,69,464,13
29,459,707,33,275,42,104,208,62
79,213,669,78,303,764,587,103
1009,190,29,1,1739,1550,111,78,140,849,84,657,1733
3,942,943,621,1404,363,222,1022,1109,113,217,103,276,3,176
546,1741,683,39,942,943,987,297,1532
116,39,337,1376,757,1195,56,913,1751
1297,437,117,20,351,510,106,427,151
20,245,1751,184,143,383,199,1751,114,1895,175,0,442,497
112,45,295,289,800,737,497,372,661,53,294,997,940,4,181,227,1332,1257,0,751
119,69,577,942,943,1751,353,112,245,15
63,232,1377,151,1523,109,1198,959,143
599,874,0,161,150,1686,1164,1036,1737,1156,538,1055,416
39,201,118,472,1728,105,1752,201,67,320,1798,480,938,964,65,1694
9,810,27,1321,136,1058,801,5
3,23,644,720,146,5,100,75,1835,120,233
152,136,135,289,1753,46,8,27,1099
40,22,44,261,73,454,137,0
22,44,77,1731,180,955,211,21
637,99,275,385,182,791,345,300,314,325,135,1047,1693,0,321
75,20,825,15,357,559,210,135,111,65,238
383,275,613,46,66,944,768,1315,461
142,1283,3,29,11,26,1523,42
0,146,174,250,746,1364,658,416
6,96,115,52,30,94,1754,357,250,1599
404,73,4,606,166,341,169,25,146,158,282,276
307,147,80,632,609,163,1274,185,41,20,126,849,6,181,185
1048,1237,410,1809,163,539,285,1183,83,1376,1315,217,1235
660,1173,137,634,180,36,910,39,768,546
255,341,119,117,137,867,1675,687,336,95,22,39,46,30,69,591,21,779,319,636,944,550,698,36,991
1206,3,6,1451,1064,1158,417,317,185,1331,650,321,766,652,89,966,26,834,92,1945,162,43,59,0
180,899,1755,8,344,932,95,618,945,961,1364,695,490
174,465,1756,545,262,254,185,591,517,918,11,182,1347,413,1852,70,429,8,73,1200
1015,124,93,961,242,698,152,824,464,111,5,414,0,25,1861,1444,0,652,648,192
1536,27,1516,325,385,1693,539,486
156,90,146,114,490,298,1537,201
130,863,426,776,1622,1757,675,746,236,1809,1798,17,440
117,824,5,152,301,702,1754,591,517,642,130,427,17,26
6,11,111,5,83,72,152,112,464,1461,766,696,944,490,652,126,338,415
349,790,1461,198,1253,43,192,257,192,1725,286,353,60,2
46,694,1620,660,621,59,27,221,85,531
4,133,390,105,1752,65,923,568,8,262
154,606,194,1608,135,37,966,1553
730,643,60,2,1514,142,923,1110,91,300,485,386
301,45,1236,1283,341,1249,472,1406,414,6,127,153,167,598,65,3,265,519,1474,1495
147,424,194,740,1236,1001,382,341,109,1157,162
463,20,398,972,944,768,130,62,60,2
479,90,1,281,1837,8,1343,754,1040,508
1002,768,178,4,994,146,66,638,879,290,0
26,755,278,267,6,51,185,1472,117,0,81
832,216,1238,84,457,1065,118,283,768
91,25,1577,1932,819,1284,98,1639,819,1233,140,1059,911,1043,681
90,1,2,824,1554,841,1206,396,25,1655,810,95,83,1106
681,841,49,422,1111,62,930,244,786,1235,1376,1021,15
887,174,227,1253,1316,413,850,319,1954,977,1003
1253,1796,537,244,1986,943,25,1555,1451,895
2,377,413,89,1035,0,1699,386,5,334,70,152,242,929,437,280,1450,32,41,1120,471,72,488,483,0,70
1157,247,561,672,105,1688,1602,654,1049,321,774,490,386,5,1096,625,295
373,37,149,8,115,401,484,22
67,1110,10,23,1366,188,596,110
79,213,1602,289,288,783,193,456,38
1656,46,65,905,277,477,1441,25,1225
1070,102,247,531,116,439,1090,56,104,62,84,81
421,67,696,5,1521,599,38,357,88,5,12
10,1971,190,1314,196,218,151,296,1682,1463
421,116,439,123,547,50,205,25,240,1379,805,4,302,8,572,166,492,1316
342,135,294,1703,0,734,1059,416,93,243,846,409,119,279,991,531
16,217,12,279,531,62,1483,1048,1237,410,39,401
421,1664,205,461,1669,984,531,279,156,39,1151,130,1237,410,30,26,453
421,130,537,120,197,9,341,36,905,39
130,30,1237,410,182,40,1311,121,411,444,9,357,17,41,61
61,44,1531,68,27,815,595,1259
959,13,579,61,182,41,1754,26,435,163
3,265,92,411,454,43,1022,1148,162,533,205,439,647,1306
760,125,187,34,353,944,768,39,290,160,21,538,1736,450,382,75,304
590,450,45,215,879,1697,825,795,26,1218,625,291,534,62
790,106,229,187,410,215,62,614,1760,381,30,1194
381,25,216,26,1019,320,46,30,21,7
134,190,304,3,39,179,1556,1982,41,46,166
421,121,428,93,611,492,174,0,202,1594,1321
260,1917,1556,181,46,381,1196,24,605
160,21,1152,969,609,382,93,478,17,0,26,3
478,61,863,1117,591,1195,764,539,1195,246,298,221,336,619
225,394,744,109,0,247,1172,338,1615,0,698,304,478
61,19,1422,198,6,679,0,1761,186,8,404,6,179,1195,1335,218,1405
421,239,418,590,450,169,324,357,107,61,6,165,251
3,219,1539,1977,804,1380,6,397,30,808,48,188,365
1027,1556,193,0,324,304,944,768,223,63,800,430,43,414,0,596,110
103,1380,1982,27,3,1054,84,5,1062,35,461
8,1233,62,0,1528,83,10,50,93,1359,455
843,57,535,1687,1121,1753,93,1115,1299,1808,1282,317,0,986,242
543,272,112,70,52,707,898,286,463,20
1208,997,206,703,27,769,1815,59,633,1048,322,834,830,162,43,196,265,1668,489,206,316,756,752,912,431,112,438,1211,802,10,966
5,437,944,768,63,5,9,188,1450
1556,925,130,1995,904,107,471,5
159,1040,448,4,51,90,1343,3,1046,778,610,939,545
421,945,521,744,0,61,166,341,199,808,6,145,607
381,442,28,46,241,225,1479,86,64,153,314,95,0,24
3,1583,46,685,1380,621,466,147,32,785,65,879,1312,228,890,546,86,153,39,6
315,0,55,92,293,278,333,23,1837,61,69,1093,144,23
421,1221,109,357,61,19,269,761,1036
723,1511,1977,381,237,0,1479,197,1195,32,515,630
41,36,138,1050,533,237,417,49,1376
4,132,621,603,19,105,1752,1720
4,890,533,625,396,4,306,4,1662
8,20,40,1381,135,323,435,30,131,177,40,879,199,261,62
187,423,0,174,13,303,52,159,533,1662
396,4,118,1720,40,187,137,20,155,61,199,107
1380,164,685,337,453,6,501,112,153
67,418,707,1557,178,107,485,468,3
421,944,768,331,1380,151,1119,112
406,1186,28,169,448,17,75,120,570,72,196,976
60,2,376,265,1223,520,133,439,63,34,80,163,911,622,268,0,269,83,15
985,45,377,25,1172,1028,95,82,1755,61
657,114,1041,1226,463,374,205,117,1359,1763,124
242,389,257,115,430,1089,482,177,8,106,506,681,336
421,600,91,25,21,10,414,689,54,65,1822
290,681,89,1014,140,2,93,510,382,34
660,22,44,8,115,253,44,1731,432,95,1686,657,1891,1047,835
253,398,95,3,13,0,22,3,1227,417,766,89,27,1207,1227,43,183,322,256,157
9,25,15,186,121,197,1536,1650,68,238,654,89,1049,321
66,247,28,342,46,122,302,598,607
159,1764,153,10,175,1068,872,616,11,182,0,15
149,793,1,111,16,9,1301,328
60,2,1,77,211,0,202,444,1382,289,35,36,76,3,25,933,157,556,100,933,98
1227,1889,0,202,617,389,225,839
767,3,1734,587,29,123,29,243,1632
5,424,103,1421,724,282,195,1054
29,68,63,293,478,72,187,916,621,1532,125,331
109,35,12,367,115,10,1558,588,148
18,8,1382,837,10,87,29,578
213,1447,21,94,1749,669,809,81,519
60,2,5,45,313,0,129,4,31,29,42,191,86,414,59,134,17,84,92,508,269,760,1144
79,533,1305,91,213,449,1559,937,21,1368,230,1075,632
432,0,1849,1842,1156,492,1121,289,160
95,389,68,257,111,490,322,43,811,0,267,1012,449,550,1076,465,95,860,0,542
152,338,658,152,702,1311,209,39,1374,860,1428
490,82,322,550,82,1076,1945,21,379,1916,1156,54,237,1842,109,0,1383,81
1140,348,43,1555,41,581,5,1383,81
165,985,2,104,577,572,91,681
175,1685,8,673,343,1,425,504
268,1836,516,285,1602,269,83,465,461,1036
439,672,17,61,377,62,1763,83
117,1232,1235,259,1081,1376,841,62,1043,55,39,650,62
60,2,16,418,435,25,1760,22
16,28,536,704,14,68,4,807,328
382,15,426,44,525,22,117,510,450,168,15,1005,285,22,83
509,739,26,1296,1048,183,22,120
704,174,27,512,15,451,658,746,537,796
381,1,604,1460,764,27,6,1053
786,111,345,55,244,43,834,1815,59,3,83,1048,322,114,1932,1993
1208,618,344,206,874,591,43,1261
133,38,44,22,509,228,52,293,35,904,398
168,49,1681,344,206,257,230,703,5,1251,43,648
74,11,442,758,52,28,538,1738,1,381,1725
128,750,513,113,24,1,132,165,1517,420
13,760,199,122,28,12,148,376,64,30,78
381,880,4,159,52,194,0,153,32,51,15,1362
733,1298,79,498,297,1109,42,78,217
3,29,127,1223,1240,0,556,1122,1552
1866,27,52,122,46,38,811,3,83,322,829,1218,93,412
344,89,206,172,79,453,87,183,461,173,1557
364,146,104,166,42,39,286,294,235
724,1240,70,8,24,20,688,26,1001,65,868,0
556,1863,76,718,1009,20,556,461,1429
16,281,378,536,33,191,141,6,981,35,29,27,8,1866,174,1282,288,257,82
69,1912,1640,189,63,314,1109,152,29,29,267,75,964,27,790,303,742
591,768,66,445,1237,410,6,84,56,972,1557,42,5,439
272,879,16,740,21,141,423,402,692
195,1557,62,217,6,981,235,610,974,471,52,154,472,46,47,1002,505,461
29,1185,1899,1810,1765,0,725,29,722,57
874,1904,874,79,34,268,1549,277,86,355,987,854,1070
63,734,985,29,172,21,944,768,17,61,68,938,869,135,256,62,43,811,379,0
186,121,286,314,325,764,27,187,897,879,844,355,11
314,44,61,935,93,293,0,478,56
890,533,1050,742,1808,971,184,57
365,4,140,218,187,1760,450,147,39,123,406,1145,1908,7
460,1084,1429,69,122,1576,1042,1460,27
12,135,4,595,1089,412,644,897,879,218,1760,543,254,261,51,209,229
199,543,879,1,381,880,47,161,32,64,730,670,143
245,3,1,65,257,0,258,1842
14,90,374,208,62,18,20,624
519,449,1560,99,0,65,60,2,0,324,56,1029,839,127,1900,1706
1153,0,1075,1559,169,245,0,55,1457,56,78,260,1740,716,278,13
242,1618,698,136,1359,26,1384,203,35,1726,782,1135,247,94
865,317,0,535,136,368,203,312,638,225
24,845,1217,3,706,305,111,92,589,646,102,42,1469
535,632,13,192,680,170,61,779
479,50,166,17,101,1114,239,1108,630,1878,1119,311,1962,251
3,8,717,331,298,800,169,392,561
756,567,1915,1916,800,84,122,1877,520,10,409,57,94,201,8,313,196,10,603,1876,86,861
35,50,63,400,28,1837,194,114,646,763,1264,251
538,787,629,666,78,265,28,48,447,919,519,5,829,322
511,0,1029,56,531,38,359,106,218,160,946,192
134,298,233,1029,56,946,12,272,104,93,52,30,1938,750,259
160,68,5,130,694,1171,184,371,359,321
245,267,62,1622,743,1203,8,1851,1291
3,975,1323,5,203,352,1066,1198,89,1669,61,163
946,187,300,982,1203,5,1208,850,61,9,226,187,512,338,359,79,1166,579,756,93,62,317,26,1938,750,259
1291,154,107,946,80,692,684,154,1544,203,1029,359
1030,208,931,0,93,1000,907,380,80,789,154,315,1542
208,475,1030,208,461,433,334,1229,3
168,85,203,359,1029,56,12,42,313,102
359,1018,56,252,1019,694,4,16,86,1626
184,678,359,320,1018,203,1589,188,334,1029,1843
1438,180,203,547,85,1544,378,35,1726,782
414,1135,923,1354,247,94,1022,41,538,1745,1100
131,235,368,32,50,72,1216,1141,545,1485,246,274,1793,375
5,1874,1766,132,329,0,27,154,1318,169,63,114,67,1022,1026,0,915,29
1545,235,1805,92,337,452,41,892,915,896,375,1338,33,0
10,397,154,329,134,135,903,271
5,634,178,1062,8,310,646,1976,1534,206,293,169,63,29
5,6,1241,735,203,114,67,351,203,222,198,665
5,255,3,252,608,1463,1545,222,116,30,57,1423,510
222,9,850,559,1079,329,235,1545,1805,1141,1023,207
13,635,1053,1093,0,301,1100,252,646,334
92,1976,206,1534,1142,293,66,871,155,225,1149,183,285
1716,144,436,1716,62,636,1716,34,181,1384,20,316,0,827,1023,309,983,6,678,165,295,310
9,149,90,191,1716,0,203,135,466,31,176,18,229,154,856,138,791,135,1086
3,1093,42,25,32,11,342,9,235,258,14,8,106,1346,19,168,894,1496,961,916,81,375,203,3,13
16,1,200,222,1,251,1056,1205,118,179,999,359,41,123,1349,1248
60,2,44,910,1211,22,44,946,187,1428,1072,1020,27,5,869
2,829,85,0,1075,105,508,5,858,27
391,13,1224,0,687,1623,449,248,123,1288,1555,36,92,162,1675,13
1468,12,1288,1544,9,150,358,20,84,29,275
219,1638,846,1219,1085,762,1238,223,169,183,1179,1180
1085,148,12,243,4,1242,183,221,452,6,787,711
756,1092,120,587,63,1889,3,776,150,140,575,709,1387,1007
491,947,709,186,260,416,501,820,1562,1242,0,29,1007,255,32,324,525,1418,1388
104,39,820,549,1123,435,44,93,582,1242,1262,236,1387,317,917,0
947,621,186,1077,820,685,42,248,6,39,269,0,226,21
481,1242,40,947,121,679,1007,187,21,39,24,815,63,431
381,880,1477,186,260,685,820,1073,1977,468,467
260,1383,1696,1007,276,704,643,611,553,1357
820,501,252,1571,984,945,49,588,184,750
35,1975,1,2,70,1293,1329,78
157,15,705,520,634,3,124,1330,359,1938,750,259
9,90,8,828,182,1856,35,240,235,468
19,170,1591,64,188,1682,183,583,8,311
19,323,195,75,317,1372,358,42,78
16,159,236,43,78,222,457,5,999,319,3
701,483,61,660,946,70,54,1173,222,19,1767,1868,209,338,380
37,946,1241,359,30,26,128,19,3,100,188,94,3,266
39,592,1376,1462,50,84,1508,1560,179,449,995,1145,344
25,497,1738,247,1007,168,921,1050
14,35,36,1030,208,219,468,5,393,380,184,243,846,46,1695,640
18,11,26,42,146,1704,36,9,1119,1681,87
660,34,68,824,5,1604,533,1201,834,119,335,618,966
1030,208,224,1,714,632,1627,318,433,386,6,1548,1856
213,5,85,321,1489,89,786,27,92,1534,636
657,344,1192,1020,694,1256,13,1186,2,599
180,1175,1201,55,160,1306,59,835,1207,1147,86,252
348,1420,446,1677,73,241,186,367,456,5,437,143,13,452
1018,101,29,1,2,409,9,358,100,282
674,359,0,1505,1050,845,515,98,638,908,16
132,82,1935,789,1330,380,5,1319,1758,200
32,66,519,1,887,165,9,66,275,898,31
97,14,1031,1283,363,792,380,1649,0,1505
223,97,1,208,1803,1740,653,1229,325
15,894,1389,1390,278,39,29,161
67,38,103,359,1230,243,84,191,294,380,1029
368,59,1843,1382,140,630,82,1037
335,943,860,1986,746,550,36,201,1107,739
1954,1804,1511,210,671,62,62,62,62
671,146,1389,1390,93,267,3,62,290
2,534,44,22,732,525,255,25,544,1659
292,90,126,166,101,359,3,124,979,5,223,105,364,67,758,1572,468
122,541,10,1513,28,285,607,48,199,265,342,94,13
3,1967,1484,1273,103,1391,0,5,680,27,145,572,91,649
429,38,189,38,1240,124,87,626
93,572,168,85,93,464,1417,133,3,174,254,1021,727,389
1,1124,70,626,985,64,82,3,80,1669
16,941,268,996,614,103,397,1769
617,1434,303,314,0,59,49,386,5,430,451,73
9,5,1701,293,1891,1207,303,142,566,1
91,160,5,4,276,469,383,458,393
16,90,473,278,124,1450,92,237,460,204,31,7
113,272,1,545,242,1089,24,50,182,293,463,743,1484,80
59,85,68,8,272,256,687,932,810,95,966,1198,389,1391,1124,22,1484,847,1861,1136,398
1172,1851,339,1153,85,1484,238,8,5,657,0,321
428,85,6,9,84,489,1157,27
637,1,2,6,145,157,91,1124
1392,1563,259,1124,103,1391,59,7
74,97,5,69,484,121,8,272,13,415
212,137,341,18,228,296,51,523,4,127,12
8,5,253,120,3,15,43,3,159,204
137,341,221,146,26,609,208,62
54,1,374,539,464,746,280,238,13,348,1038,169
2,1353,391,449,1560,1526,36,943,444,1487
947,253,1501,458,27,1821,204,700
218,1171,686,1026,1367,168,489,1020,152,648,765,43,1711
528,84,1108,13,1023,6,122,328,8,328,51
82,8,10,16,113,52,28,469
16,702,893,35,167,216,195,66
141,5,820,1616,729,24,987,4,414,1548,0
16,70,8,138,457,820,251,141,54
820,685,41,4,295,105,49,248,12,218,199,32,57,89,546,21
277,5,103,1392,193,1563,259,1179
30,84,5,215,41,1202,444,81,1765,27,23,1563,259
273,76,24,703,164,1387,1007,709
116,26,419,550,490,373,4,295
3,29,215,585,262,30,6,105,1752
141,4,315,141,3,25,101,46,129,31,55,193,57,897
32,218,890,546,4,248,1305,303
814,455,20,17,626,85,336,182,393,23,89,181,6,1194,295,1202,112,193
273,164,191,32,655,626,1029,196,141,142,38,73
8,419,163,377,3,822,1769,3,371,525,1347
506,1001,44,795,248,1344,151,415,6,245
164,1926,118,5,433,51,101,36
356,59,619,252,248,141,595,1583,306
80,380,187,26,273,261,26,419
16,132,68,345,378,336,4,184,5,1391,1386,1553,3,73,4,51,198
69,413,850,319,746,1436,965,60,2,1302,0,633,202
187,1927,0,450,22,911,290,1954,62
90,1,2,245,13,697,490,1018,199,1552
820,330,4,227,101,272,107,28,19
38,657,720,210,672,227,607,154,380,542
519,726,120,194,28,63,780,67,716,641,65,60,2,64,201,1902,213,614,499,185,353,990,33,123,271,1747,643,598,607,512,1061,42,1331
28,45,1186,196,265,542,598,1831,1763,266,443,948,816
520,157,306,757,29,598,2,888,21,1160,208,62
122,32,94,0,683,404,1258,46,20,63,518,283,77,1692,276
131,16,134,11,95,148,12,283,369
757,67,3,56,64,60,2,256,1948,172,83,230
275,1090,233,1481,181,364,286,131,8,599
41,96,77,511,243,176,858,1613,0,9
96,77,937,146,56,1323,339,230,674,125,500,785
1060,140,2,707,607,713,828,72,142,39,1729,313,1362
77,172,180,796,955,257,61,405,211
212,566,18,255,1670,1037,1170,144
444,52,1,115,591,517,399,535,1514
352,955,348,6,9,158,176,1259,27,458,436,765,43,36,1488,1286
542,398,115,1057,206,739,436,741,809
19,205,757,72,38,374,1554,622,319,259,245,453
179,1554,396,30,257,1528,83,1850
205,166,400,245,842,427,23,75,310,1232
3,59,179,3,241,457,272,8,1218
74,97,14,6,145,246,396,8,95,1916,162,1599
196,471,1085,1143,518,400,191,18,277,1957,1499,246,18,64
37,793,18,470,1509,241,28,65
1085,962,1085,1636,645,735,10,91,20,601,295
556,174,15,523,10,145,15,349,555,0,24
55,17,145,554,17,0,51,473,1038,115
103,563,193,494,63,3,266,532,443,948,816,1356,1763
266,3,20,250,532,1017,1256,1356,1183,855
63,45,298,422,1349,1510,266,1058,1549,469,29
63,1772,1495,193,769,178,171,494,9,19,280,1474,1773,1125,1694,1997,57,1040,1656,116,707,1363,435,505,1572,213,472
613,1113,45,209,1007,34,1194,283,848,1582,1774
1094,69,467,582,104,532,1099,5
443,646,1375,608,620,466,15,520,362
1059,104,532,441,1724,780,67,351,1547,278
443,1799,538,1572,472,217,79,15,193,111,34,948,816
1145,52,65,1603,540,1200,75,9,443,948,816,26,111,266,535,1263,34,1574,23,179,1939,1071,32,1081,1116
935,1521,660,1826,216,266,494,28,224,69,1375
1223,79,94,25,124,1975,63,297,1369,1028,996,4,930,660,5,773,939,219,1113
63,191,1595,1441,1185,429,189,6,871,254,296,227,420
65,179,937,1190,4,100,128,0,1016,1485,266,1017,4,936,104,937,49,873,191,124
954,154,1529,1286,476,1348,218,1564,937,983,288,229,1028,528,35,884
826,4,831,15,69,20,33,34
1057,20,283,72,206,177,42,343
161,193,178,815,8,36,9,355,696,309
45,441,1936,273,48,193,278,728,466,429,463,540,77,34
116,1029,25,67,351,215,1732,297,459
494,437,459,273,104,762,480,362,169,29,811,593,595,520,306,238
60,2,814,26,136,43,155,89,1035,221,44,1321,120,244,318
443,198,21,757,126,141,837,414,273,559,1039,274,1529,721,1455,550
80,21,678,23,343,152,20,1838,660,593
1309,233,405,128,1421,22,17,26
51,1,112,40,355,819,584,81
63,81,142,114,56,40,591,113,819
308,26,155,22,218,688,40,486,59,270
182,756,1730,1319,881,1004,817,115
44,22,41,232,591,819,273,815,218,688,1497,234,695,1026
345,426,273,22,1353,1199,537,0
95,68,273,107,44,27,1369,13,145,190,398,36
345,314,325,85,218,652,41,100,30,585,288
75,70,1002,766,182,1168,517,18,53,1537,74,327
125,284,4,1,415,386,305,210,21,515,890,73
187,99,1511,494,215,1775,21,1559
245,273,83,126,1765,1367,1344,476,1040,1218,1028,794,537,1536,387,86,787,1984
3,218,1,2,159,819,695,234
274,367,40,72,250,1730,111,34,10,122
443,900,69,1226,1744,64,209,283
260,181,22,840,0,1606,83,61,1325,649,786,864,525,503,84,81
455,241,234,501,47,1695,85,304,154,1063,225,361
1458,387,1466,229,1038,1208,126,765,281
873,70,499,1004,262,873,10,553,726,339,131,1190
12,204,1354,1013,201,782,89,32,368,185,66
518,351,45,149,65,418,201,67,118,784,76,13,362
25,29,351,205,855,1126,755,478,455,1641,803,527,273,387,658,230,1628
281,1369,63,81,174,14,595,1215,182,40,413,81,591,819,283
31,230,45,172,228,412,156,1554,1416,1390,1934,377,1430,11,56,3,480,9,76,554
98,2,534,26,180,1688,13,174,0,318,652
258,8,1354,316,298,415,706,931,0,371,835
69,413,2,814,834,0,13,648,192
11,948,816,690,4,122,15,9,21,86,804,494
331,348,11,439,690,0,240,87
72,77,1104,37,304,455,234,22,61,1713,273,19,1372,370,215,311,124
1877,393,819,81,808,726,1190,1771,467,111,210,134,84,148,224,210,102,844,362,387,1702,726,498,134,48,563,40,695,1497,32,209,3,695,525,503,649,745,26,94,14,38,288,14,311,10,113,622,285
175,9,204,480,1651,10,333,49
1311,458,238,134,22,182,841,44,922,5
502,707,180,1811,69,1175,830,539,1951,1198,13
824,203,1221,1081,525,41,244,83,83
213,27,1091,1461,961,810,1374,316,84,915,954,59,3,15,43,539,464,1192,186,1174,1136,111,380
137,719,300,890,766,1859,922,636,13
717,100,607,45,571,8,65,1094,466,394
90,18,255,624,582,18,130,210,752,197,105,1144,10,145,15,24
460,1197,195,1177,33,196,1180,729
1499,20,135,283,8,463,745,1180
260,678,350,277,403,4,499,42,3,4,1556,605
56,33,1349,222,639,1247,256,30,153,432
90,605,1642,111,5,967,102,388,438,18,99,341,374,1232
1232,452,1064,310,934,453,1390,377,298,258,561,271,1763,410
818,396,75,386,379,1506,1039,1095
246,185,1668,1326,404,1014,1027,1450,0,459
238,152,160,934,325,1228,203,425,43,834,1035,0,1699,1403,1581,70
1028,1,1850,92,920,1233,80,175,105,34,64,105,684
77,473,48,563,144,2,995,43
70,16,1,2,272,14,11,1110,87
287,56,261,300,484,15,27,348,1776
1060,52,210,898,1,2,73,306
19,1546,10,64,529,1332,0,751
19,52,295,66,20,600,57,15,21,225
755,436,248,539,25,1859,1126,36,966,83
3,1126,61,850,1325,698,1320,920,1285,1058
8,167,1325,1679,1138,61,449,550,1076,1713,181,266,1375
2,130,537,859,225,451,363,335,61
57,1370,21,66,658,687,3,273,3,408,1181,755,369
83,863,1126,290,1005,114,21,44
48,563,2,241,225,44,61,635,84,30,435,649,44,86,422
16,18,9,827,396,95,0,24
93,83,22,382,1005,114,478,44
2,643,225,656,527,117,324,48,563,658,273,215,1215
166,8,21,591,1012,1925,446,111
636,1408,1083,253,3,267,863,230,227,1528,83,61
1240,25,93,136,46,1082,21,179,392,687
1320,85,1296,455,636,111,1745,10,587,1551,755,34
2,617,3,136,267,152,465,43,733,85,85,57,84,376,1428
314,0,27,865,13,719,1317,300,225,147,1135,1320
498,130,230,1009,20,648,290,43,455
777,19,44,663,227,21,559,32,785,335,386
1031,48,563,18,184,1717,1606,1428
93,698,1657,379,667,505,632,242,230,933,698,136,455,85,202,213,864,402,1292,101,215,43
16,1564,1769,72,1778,31,151,1096,175
480,506,43,93,1103,1565,1384,3,267,230
14,109,138,48,563,1031,18,130,0,859
53,109,65,27,1112,162,59,677,607
130,247,20,859,647,48,563,36,483,0,70
1494,48,563,1,219,140,554,84,904
232,837,81,19,44,649,61,91,389,1284,15,509,523,36,175,21,66
18,1541,81,21,18,607,209,1698,772
2,177,46,129,1,48,563,174,13,0,238,1147
1653,1167,164,10,414,689,18,228,374,49,330,970
60,2,976,459,478,609,1416,1390
1048,304,61,6,1371,508,1427,1105,1126,948,816,34
1243,443,374,427,922,349,242,8,398,924,377
572,694,976,319,864,1105,40,210,517,68,654,1861
934,377,147,688,68,702,95,1014,250,818,389,774,3,609
12,90,1,2,152,254,871,162,173,57,401
68,54,50,179,1777,638,6,98,406,281
58,14,1061,101,93,44,25,21
6,93,3,4,50,0,594,541
663,46,1723,1384,77,658,230,387
19,142,1694,309,663,10,99,222,701,53,1718,1624
5,603,42,1923,14,90,18,296,603,1923,82
18,938,138,81,38,921,108,15,485,490,59,129,146,125
926,233,95,250,818,162,305,34
25,146,117,537,49,182,1309,573,618,95,1526,55,160,15
1284,1,2,1014,336,11,1188,61
117,1603,73,1659,333,31,275,540,898,122,32,1541,81
218,688,162,259,510,616,27,3,810,95,1555,160,15,1206,1878,15
8,976,211,288,1952,1925,111,1161,455
52,30,250,818,245,859,1081,211,61,1910,1911,41,1982,507,314,0,1102,1492,1046,345,719,244,859,162
406,301,1728,129,140,2,777,412,1252,39,827,478
238,155,649,803,389,1516,202,1779,43,85,21
52,13,642,482,1327,6,1922,73,246,234,4,1651,737
2,168,69,464,94,0,230,242
6,232,234,42,566,746,72,141,238,152,169,336,176,1038
335,23,728,121,61,69,458,164,15,1564,158,1636
151,49,6,232,451,233,84,671,146
1159,411,3,25,114,82,152,119,465,645,32
182,95,305,663,579,1045,1213,274,1039,961,695
182,227,234,297,1491,234,36,93,848,320
299,40,2,428,230,411,1121,1565,1624
218,2,411,95,40,591,113,819,702,1501,1490,809,43,46,749,51,65,1565,1860
6,45,9,27,1114,703,790,938
903,603,691,663,182,743,413,81,769,121,112,340
37,49,1028,42,121,352,1757,230
411,444,356,253,691,2,63,387,49,413,405
202,253,649,221,44,396,1487,95,0,864,402,22
1243,443,1731,69,436,1559,1207,1021,336,795,344
244,1753,174,463,1687,69,1565,602,29
834,1471,1945,43,811,474,648,267,1012
85,1112,502,810,726,41,913,85,89
299,185,385,803,250,206,89,1459,1047
108,15,795,843,26,768,723,48,563,94,108,1226,199,12,331
348,617,719,584,5,1753,396,85,1047,617,1849,184,325,1587,314,864,402,155,0
1748,748,177,290,133,1587,51,743,1983,577,350,1437,56,310,241,38,1420,1412,668,541,23,588,210,215,1215,583,330
8,72,437,28,164,60,2,733,26,408,29
1,11,646,588,181,149,90,330,142,148,1144
808,1190,66,73,726,66,457,350,106,333,107,506,261,1158,95,1121,1402,91,0,646,552,1409
700,621,309,45,297,113,645,330,970,1070,21,6,11,269,61,22
363,458,177,50,663,1777,1384,230
230,304,621,186,714,987,1235,125,117,1313,11,230
393,1635,621,306,799,804,210,969,1552,843,301,375,55,751
393,66,349,1364,6,122,679,1953,1685,3,4,306,1300,5,310
1364,4,57,416,4,154,92,508,974
4,594,158,6,1922,25,8,162,4,181,1364,118,33
132,19,1186,1635,56,95,1452,1750
4,91,663,146,70,295,1532,4,1016,230
32,32,1070,131,32,848,84,81,191,1865,688,19,745,1750
1879,136,181,599,256,132,4,1748,255,245,663
521,402,1778,138,498,106,10,237
695,1497,40,48,563,1575,209,494,155,22,402,0,595,1070
46,129,12,137,79,255,91,24,1023
616,23,166,1521,0,75,226,68
60,2,1119,67,25,195,1134,7
975,10,684,1551,144,185,376,10,94,0,683,42,186,65,44,828,641,148,50,361
239,224,164,1092,36,748,416,35,235,603,170,881,573,931,134,537,43,311,113,49,280,969,137,634,469,710
20,1052,46,451,367,0,25,67,165,868,416
104,472,498,1799,2,208,62,21,1022,320,540,728,42,1654,1797,599,151,11,540,15
472,1445,331,193,133,1233,1355,453,156,1034,250,668
3,522,53,809,358,635,606,84,1094,32,896
3,56,8,364,233,481,965,22,993,25,216,11,1355,119
172,1631,141,448,28,1574,1217,1775,1381
1299,111,1546,23,21,155,22,163
509,172,601,365,1282,289,0,667
96,37,274,27,923,703,186,367,5,1094,274,1259,79,939,129,1957
988,1323,757,210,1,605,1547,81
23,310,56,1193,1355,32,64,210,272,600
200,1267,539,644,194,814,26,136,847,83
841,1367,619,489,385,11,26,1020
210,131,4,600,1446,706,123,94,706,66
23,39,82,907,3,124,1013,85,835
174,26,86,126,1419,322,20,20
18,51,1472,199,760,260,1231,343,286,224,753,526,3,35,30,1023,26,42,224,630,100,957,157,204,1567,118
153,207,313,891,9,705,11,65,7
74,40,272,98,318,568,4,57,24,126,132,19,66,668,199,16
187,916,333,24,1059,135,258,147,827,1274,374,280,898,208,62
60,2,409,1153,609,1559,150,989,20,550,490,1671,80,550,29,241,1117,1368,267,1481
294,15,509,446,255,515,1770,1614,15,1758
536,280,898,0,1075,94,1021,89,289,544,1367,619,169,245
326,1,1034,301,227,5,222,210,14,624,469
18,57,8,1558,20,122,18,205,0,502,448
2,152,1769,632,809,741,955,886,1227,207,152,1934,340,413,185,239,318,376,15
19,12,1,1160,1375,370,445,217
962,950,949,243,448,33,364,67,1831,813
25,67,351,868,20,154,11,1351,620,189,457,88,283,460,205,87,79,707,527,1708,62
25,67,114,781,3,93,219,962,168
84,29,926,56,298,682,119,8,768,63,356,385,1662,23,224,53,472
857,45,14,128,279,1941,211,37,188,119,127,9,0,87
155,1166,23,346,5,123,1188,1288,464
190,27,49,1192,834,1020,458,47,1710
72,41,207,599,1780,43,618,137,516,689
47,1104,98,637,37,9,516,0,707
707,1379,219,1258,47,1258,161,132,10,409,5,370,3,193,266
404,236,423,1,10,219,906,0
17,378,348,41,53,109,1633,157,43
617,136,155,343,385,648,157,70,17
8,94,278,1356,169,364,561,150
429,96,1589,5,664,4,1241,555,89,962
82,132,4,36,566,87,1759,20
375,967,1394,1395,1558,39,3,25,94,532
8,20,351,1584,93,93,307,561,150
452,138,679,1709,1394,1395,3,684
225,45,39,1709,1679,93,3,349,1108,25,35,1303,3,0,55,45,288,1200
38,339,219,1539,1016,1204,47,1558
207,102,1241,1016,679,315,846,856,1582,6
79,65,423,45,368,509,33,8,1709,30,981,189,4,1997,15,1241,1200,684
500,177,333,156,255,127,554,0,731
1546,423,45,297,418,950,949,11,8,34,4,228,541,134,23,4,1653,342,105,684,184,737
92,6,47,161,66,6,52,950,500,1394,1395,161,36
17,63,69,157,691,500,13,444,902,261,21
16,23,14,744,35,869,10,14,702,1379
3,13,132,568,664,246,76,170,1180,0,1143,122,255,32,634,3
13,27,312,46,1280,367,0,6,14,806,1394,1395,1402,333,11,1632,604,1598,51,355
45,314,229,510,1758,1382,377,1355,205,143,675
45,20,63,310,1128,245,8,453,1309,233
117,1105,45,39,898,56,119,899,0,83
86,73,902,325,261,551,22,256,44
617,61,269,83,965,49,116,681,6,31
346,1393,1127,1,364,561,14,1512,41,31,20,79,19,1159
152,83,413,20,967,120,305,17,133
323,17,61,9,125,46,544,6,52,54,179,728,618,117,95
63,45,259,1603,1889,551,23,256
346,1393,1127,428,140,425,719,1925,160,15
137,55,551,530,722,1064,120,160,34
299,1081,22,1782,796,163,15,40,911,1043,551,377,49
1678,162,827,34,346,17,1121,1756,746
182,22,44,124,426,69,1655,525,95,739,305
874,115,107,389,13,391,89,534,27,300,1855,15
6,9,838,95,1526,0,162,172,141,832,1946
348,73,126,76,157,238,98,186,205,389,686,585,13
346,1127,116,642,125,482,534,26,21,1430,11,130,512,389,13
131,390,119,21,147,1,396,44,227,22
485,8,1152,969,21,85,202,687,247,676,667,1172
120,667,0,202,1019,1539,676,6,9,25,545,1417
130,244,61,197,32,1064,1158,649,796,525,1228,244
111,233,1511,1377,426,1637,523,1114,82
307,561,1128,141,204,1183,1470,1315,855,393
24,150,122,213,439,169,94,32
775,21,746,236,1250,263,1063,981,664
182,86,234,1522,82,22,21,537,44
115,256,162,530,163,810,95,389,1194,0,1227,403,27
6,9,120,1898,229,521,476,356
391,3,847,415,851,465,739,642,73,850,1041,43,120,26,36,765,681,1206,163
4,31,1,323,378,41,407,4,31
9,308,654,89,182,314,1329,46,137,300,13,254
1454,516,678,126,312,241,406,82,654,89,839,237
340,299,314,13,1184,1829,579,182,11
346,1393,1127,463,779,5,1824,776,834,1134,7
909,1,44,22,301,21,8,155
116,916,254,346,75,389,440,163
111,34,1005,426,863,510,8,591,22,1675,456,1081
323,91,386,122,1978,851,77,42,126,866,886,43,0,25,238
107,465,5,6,9,8,1,246
346,1393,1127,586,63,591,22,1353
169,93,392,21,114,15,6,165,105,3,20
1,1221,169,950,500,4,1246,1280,101,15,355,59
1012,93,527,173,124,1299,11,435,201,0,695,304
93,688,989,619,335,294,435,312,1054
628,1062,1548,138,33,334,8,435
117,335,45,500,1957,141,234,694,466,619,3,83
225,181,3,726,85,89,47,790,622,33
701,209,999,471,92,238,140,50,241,76,247,472,157,984,170,55
46,113,104,1181,527,628,79,38,17,1096,1069
329,120,239,1394,1395,4,1988,479,471,949,6,638
455,576,304,213,864,23,225,6,9,695,1709
9,1151,40,1756,676,68,27,346,17
713,1394,1395,1,14,167,296,968,628,141,1197,638,66
79,137,1317,1782,8,22,59,486,270
187,512,425,1768,47,503,100,246
95,68,180,1012,11,0,537,353,141,167,435,19,169,147
1012,590,25,89,13,6,263,378,1291
1490,129,522,283,4,906,35,0,309,215
174,27,1050,4,11,0,14,474,1646
1728,30,131,72,1078,317,17,1114,180,899,0
177,1744,256,43,506,125,168,197,26,356
186,63,261,120,68,464,285,810,95,25,1320,93,1296,534,1317
299,6,165,224,158,22,382,49,283
1296,155,163,389,218,582,1497,25,695,164,863,848
1186,1754,835,39,317,0,248,304,863,1005,115,766,1648,80,13,391,55
975,382,227,786,426,245,40,234,290,336,977,25,517,3,98,304,3,1021
314,44,22,382,478,61,860,1666
348,95,428,508,124,426,68,814,398,346,1393,1127,187,300,1106,3,13,1165,36
70,165,1490,129,22,534,30,427,314,325,85,323,675,26
841,3,83,187,61,293,319,1165
1289,745,655,187,250,1911,378,6,290,151,330,72
120,13,522,75,20,68,706,293,744,1765,1231
635,907,1013,85,23,702,482,408,218,585,584,945,250
19,69,20,1035,618,56,483,23
1186,299,852,81,519,428,336,263,32,165,72,402
869,23,17,85,647,34,580,109
317,1359,155,1994,8,1149,69,755,639,0,660,453,511,0,1383,81
1231,0,13,117,474,146,32,915,1036
460,119,156,26,439,51,239,199
8,427,400,511,116,75,1231,172,210,390,138,302,622
60,2,425,1657,3,990,667,94,293
47,113,346,1830,5,219,460,54,256,30,8,1673,36,128,991
16,84,218,914,263,908,18,31,928,419,205,1128
114,146,582,310,254,913,150,8,1028
60,2,950,949,381,880,928,419,5
880,1897,1226,0,535,87,566,932,1128,687
16,458,932,127,141,92,0,996,546,39
42,394,151,150,6,105,1015,764,394,30,181,111,13
1155,1128,453,68,1828,989,550,1185,163,93,1910,818,905,1384,36,773,1935
232,81,97,156,1726,190,94,1884
188,831,1034,161,17,8,38,4,1205
259,833,591,133,755,160,15,192,84,61,580,160,114,236,1820
157,1959,500,170,192,698,455,126,106,858,1328,144,20
236,43,44,912,65,63,81,126,35,229,38,475,561
2,229,23,1196,29,73,112,40,269,403,115,1027,676
757,56,215,1836,1204,247,339,1924,492,374,1707,305,150,394,549,42,2,722,112,679,246,630
35,185,1068,39,169,82,679,1740,247,800,706,0,324,304
45,794,63,422,1820,920,1026,190,94,219,1058,179,829,864,490,394,237,1478,856,898
213,679,39,10,333,808,1924,492,177,553
950,949,1437,580,1354,787,925,32,237,1473,311,164,15,933,1472
260,184,25,226,3,50,93,336,1061,213,3
190,375,465,235,235,497,238,291,115,516,5,30,330
16,1,949,79,535,104,217,838,87
10,846,12,91,73,653,1643,792,531,1495
264,362,929,69,903,731,102,932,856,1276,803
148,224,45,379,134,53,1452,456,420,65,60,2,243,888,113,24,263,4,469,86,8,50
191,362,29,82,888,21,2,208,62,23,166,682,1981,64,143,202,119
237,29,1411,337,702,59,1115,539,510,168,26,3,1046,1253
417,3,789,0,227,1599,895,1092,63,577,29,1293,1329,174,543,922,0,767,0,202,373,65,801,1348,6
58,1348,223,1339,1998,98,308,547,102
17,36,3,99,0,5,269,1273,317
689,90,86,1086,1783,287,24,235,218,102,28
140,1142,520,155,19,150,214,110
150,104,19,59,78,108,645,516,0,24
460,678,99,0,781,553,522,520,306,589,593
249,928,419,625,177,24,689,9,480,42,14,32,291
99,298,233,682,459,20,197,24,240
587,424,1187,801,214,1507,105,1100,0,83,55,8,415,50,2,1228
59,78,1068,255,20,57,120,287
8,976,64,175,1,134,47,1142,24,411,50
226,989,56,670,587,9,191,26,362,1068,37,1104,1059,57,94,214,1396,110
264,324,171,1260,48,951,477,951
92,50,2,788,69,464,789,512,192
434,228,99,982,362,1179,196,107,51,796,166
3,3,440,801,34,133,117,13,1351,244
240,1464,46,63,191,1963,1425,49,1339
264,501,842,67,1023,8,327,1110,993,660,362,48,951,1929,477
48,951,430,1863,398,603,27,1404,35,363,34,507,1109,290,243,400,398,409,849
44,423,1260,1432,1597,1285,169,63,67,214,110
264,1229,179,93,1017,329,1997,52,433,752,77,1880
227,194,56,670,37,362,4,219,485,3,4,110
759,392,221,973,1771,65,4,1003,4,104,969,34,1105,337,7
25,29,1974,993,593,337,94,4,117,214,94,278
778,579,1784,728,99,129,153,47,1277
170,881,573,1240,56,78,857,150
89,265,446,593,266,214,1396,110
264,966,1456,185,522,337,94,589,593
1784,1059,993,78,857,306,1383,56,122,1513,185
1019,538,65,24,35,420,363,458,38,638,868,1086,752,731,918
759,392,485,3,3,196,179,88,1067,7
107,8,559,209,115,430,103,1682,635,435,30,34,1003,700,0,214,110
1067,452,211,34,1280,152,624,414,1907,702,837,21
1906,209,88,140,437,481,11,527,299,506,1448,1604,261,426
3,109,77,128,34,1781,643,1352,1846,224,531
951,1276,621,91,785,199,1827,541,46,375,361,113,265,87
275,146,63,81,45,54,48,77
1727,583,24,1,199,209,685,115,209,1551,772,1458,1247,10,729,185,549,1067
48,1244,1785,77,209,772,1221,685
852,190,28,13,151,170,881,420,500
644,720,90,233,52,147,298,106,639,801,287
1036,31,90,35,1042,431,1304,956
188,211,1506,27,703,125,131,910,43,5,430,1506,1553,112,1371
312,72,456,107,186,367,696,694,300,8,652,130
206,1762,203,1534,85,633,464,0,833
172,241,539,1306,180,1175,371,1305,810,1340,1252,1951
1125,537,21,59,89,80,55,1198,55,13,1723,391,1655
161,177,440,247,1133,28,432,97,126,674,165,715
161,1,2,1256,388,287,1258,404
28,438,100,383,10,291,349,555
2,1,135,842,88,297,832,5
20,345,763,343,1964,937,576,11,207,123
13,4,276,103,784,516,186,8,176,70,1210,801,115
384,168,379,416,180,206,213,162,43,910
16,51,710,68,75,252,112,109,1521,8,680
717,45,1217,1272,122,516,0,28
218,1626,188,1397,13,107,1726,745
72,348,24,98,551,30,166,41,1259,960,209
82,132,1025,17,0,101,581,30
152,307,147,405,1631,1756,73,1301,80,21
481,876,161,116,21,764,1067,172,69,1448,91,1604,116
582,109,130,1161,531,1244,1785,115,177,46,772,7
724,474,143,40,277,51,710,148,362,509,229,32,836,738
951,22,104,635,534,30,1522,741,512,135,42,970,122,125,432,25,199,272,732,365,228,534
222,76,45,10,37,306,122,858,388,1984,46,773,416,209,8,1038,772,135
16,173,872,59,37,0,0,35,201,86,165,333,446
16,223,154,1914,1985,1,2,308
488,57,89,343,50,650,176,312
264,784,89,91,1873,1,60,2,200
194,247,1639,28,126,353,50,47,1277
668,1202,186,107,184,180,971,13
1807,41,46,1,2,174,13,0,325
44,971,348,1516,304,619,1586,830,371,1252,1067,955,1745,619
252,1542,194,106,509,412,13,22,169,245
79,78,30,363,621,297,186,8,121,1625
3,1918,249,2,579,51,315,1119,24
59,965,1261,114,20,654,89,1862,261,49
165,1263,22,163,2,405,91,1882
125,272,37,33,50,14,90,19,128,78,8
258,233,60,2,80,20,942,169,146,511,5,213,492
145,1298,168,196,133,869,47,8,444,1382,385,289,0
289,25,318,579,49,36,81,806,179,101,740,255,282
542,1101,170,95,43,46,14,1099,588
158,318,682,23,544,112,741,0,542
165,9,77,6,625,1637,126,641,1372,1767
521,287,535,253,43,1779,13,795,1699,1175,1285,1990
77,337,454,137,300,391,13,82,643,352,43
74,58,12,1342,854,725,825,116,390,911,20,68,524,12,37
10,100,555,50,185,188,8,35,1258,87,177
459,524,3,29,88,411,832,303,46,1457,457,524,700,23,54
1904,1129,874,524,63,1129,232,459,63,1006,79,49
524,396,13,126,140,68,86,1129,12,153
524,1,4,31,52,1457,53,11,26,700,35,1129
404,119,124,20,1692,277,355,284,193
277,55,49,1,263,159,700,357,11,26
16,262,811,783,1275,438,119,55,524,116,1700,452,116,26,1129
23,69,1092,239,1964,1529,524,103,250,1724
73,577,23,67,53,106,524,173,584
264,23,23,217,362,1068,1129,747,301,20,5,1095,4,112,57,94,356,276,457,524
10,281,301,23,1435,120,26,68,524,256,17,75,1397
70,75,17,82,390,157,43,76,204,568,988,9
12,523,59,85,73,1275,36,482
120,41,12,14,352,415,322,51,82
117,1397,30,338,412,194,13,104
132,53,106,218,75,699,460,645,32,305
255,37,54,105,101,1676,1448,438
202,307,147,68,524,61,83,259
264,8,40,8,423,362,440,105,49,228,524
156,341,254,49,377,445,337,392,315,593,67,119
524,704,250,848,23,39,276,584,198,532,140,11,0,63,56,324,593
262,524,44,1619,301,36,579,49,53,9,606,285,1129,131,181,870
14,214,77,257,85,119,11,26
524,79,101,46,1504,394,338,49,1377,3,6,64
2,23,85,15,42,126,39,15,14,181,15,701,600,552,524,55,91,552,423
264,195,340,1112,1714,322,69,748
637,1,1455,1612,1771,226,388,420,312
3,224,67,844,1225,29,268,18,671,943
28,102,3,50,2,318,80,15,868,181,701,570,806,10,388,75,521,41,528
54,6,207,520,77,54,1203,361,508,1578,7
75,25,134,329,3,77,47,1644,593,1784,169,147,104,166
19,529,1025,1009,463,20,268,6,165,466,355,451,896,499,521,4,399,737,469
9,177,511,1412,393,32,109,853
164,15,5,1397,399,1067,312,1773,194,338,481,1702,195,57,692,227,226,700,190,736,297,219,113
198,5,5,269,1132,1383,342,754,975
32,730,65,249,391,383,13,846,12
1542,132,1335,240,1558,82,12,169,191,536,1001,3,1684,217,709
780,1944,230,544,92,3,735,709
853,188,80,29,17,23,0,109,1001
143,300,392,733,452,138,64,271,799,166,1947,100,554,92,4,167,84,30,52,309,8,456,420,214,110
434,90,1,2,308,131,4,269,559,593,39,299,135,452
566,136,13,313,82,705,49,42
519,1255,360,2,1,253,3,56,17,62,11,622
65,405,632,253,13,303,1559,17,321
618,56,1032,29,82,174,451,0,288,1666,1374
687,208,62,636,726,269,83,633,82,174,371,585
158,305,453,3,11,179,573,188,430,900,458,363
5,1044,824,1489,316,27,1371,398
172,72,832,180,1175,860,203,1433,636,1951,1163
72,567,1988,1668,1990,172,542,290,378,728,8,1014,809,5,100,8,1262,170,1120,0,789
348,5,1459,616,187,22,425,720,190,34,1497
218,688,21,82,1459,82,811,17,1378,1184,43,308,59,299,938,964
6,105,73,417,1754,206,36,3,1157,604,812,148
182,1014,336,1194,89,455,435,187,0,1594,49,687,21
60,2,534,257,242,13,1838,433,141,16,718
212,119,787,18,470,17,8,313,10,1362
117,1013,1112,170,322,59,27,512,15
420,32,27,1022,5,430,505,53,72,1425,1093
732,154,1553,84,5,25,11,254,349,138,847,885
1016,10,1094,758,30,39,769,388
212,1671,97,1,2,108,113,397
103,158,16,418,15,1370,1875,324,1967,732,592,729,461,217
263,20,846,1,1775,199,381,368,503
23,208,62,261,590,341,31,537,1032
132,16,418,422,592,87,35,906,0,296,64,0,1445,589,614
118,38,611,305,63,67,201,801,266,1125,213,620,0,503,1285
857,56,535,279,592,1000,168,3,1941
205,68,103,353,131,42,167,37,103,1176,73,1335,103,532
784,538,211,37,1871,87,386,5,127,261,1749,1439
6,132,960,620,307,20,65,35,1042,52,24,87,184,87
408,734,213,620,1780,18,223,1125,645,102,14,55,442
470,1125,86,732,1,4,123,6,516
13,103,813,1567,1875,19,1613,42,28,84,1423,337
35,1042,1,352,392,180,28,289,242,136
562,100,274,1023,897,39,0,40
1611,0,0,24,1084,360,84,122,1423,328,37,133,420,836,4,209,1205
1222,4,528,605,469,999,1255,665,1121,4,749,1079
128,45,84,897,18,99,226,734,56
9,287,1089,128,1,99,255,429,1044,1238,194
370,45,914,28,317,0,202,160,6,14,773,1853,0
6,106,692,769,836,4,1507,306
45,275,24,270,732,402,59,33
42,23,301,4,128,914,101,279,163
460,678,408,29,4,142,184,28,1317,300,32,53,173,245
1601,941,658,34,10,170,1329,1883
6,516,9,308,1881,42,218,27
1004,407,710,6,571,1768,213,620,189
96,297,1812,1230,1339,312,228,1771,614,216,69,735,599
437,583,796,1000,189,11,1743,100,1125,0,466,32,536,1314,784
323,483,49,330,531,236,20,896,65,97,759,1398,138,566,26
158,6,373,5,97,759,1398,653,896,894,168,34,39,6,165,1929,312
1498,564,5,665,1302,3,109,523,1487,5,133,226,403
72,14,444,744,151,49,808,760,1691,17,506,43,3,823
1568,1137,387,258,67,351,80,370,665,17,0,112,222,477
271,403,373,440,72,485,1491,115,6
14,355,6,458,55,1116,4,362,32,399,190,178
2,12,339,193,920,18,320,239
57,1170,1630,81,1843,164,564,447,448,914,920,103,287
168,1170,159,80,21,1502,22,155
447,564,35,102,127,9,360,70,167,772
390,1,19,189,284,53,181,27,827,1230
19,352,189,30,108,19,323,195
18,121,650,80,21,86,227,73
205,31,85,34,9,699,547,128,447,70,16,805,81
23,450,68,447,83,61,530,155,840,660
51,1524,1,17,70,8,772,100,481,128,31,401
106,83,1105,9,529,14,165,402,586
2,10,516,0,28,556,157,0,92,52,113
319,1757,1598,129,106,52,42,235,547
903,80,367,163,126,61,1327,155,1377
412,230,229,1336,85,267,1562,22
221,80,572,172,1163,256,242,95,675,360,13
447,75,187,21,521,360,564,27,150,190,239,817,585,288
381,1760,211,34,564,253,325,1228,76,204,839,442
98,903,732,24,615,420,3,222,1058,360,1229
4,974,16,343,32,128,34,258,147
1196,474,309,94,1743,292,784,3,151,1540,970,352,836,4
10,16,27,24,1,506,625,406,6,52
546,46,226,21,84,34,6,122,1053,711,394,6,39,4,572,44,910
56,723,31,199,261,85,1743,66,1363,24
91,13,269,83,89,36,507,430,1378,156,887,73
60,2,152,465,147,1112,43,811,0,192
149,97,1,2,329,24,173,603,35,1923,269,199,75,1443,14
479,171,23,230,116,133,1901,1562,44,1123,79,360,743,1181,435,93,116,94,1053,114,711,1363,64,104,21,1456,330,679
562,170,254,1509,146,120,8,155,376
65,1613,0,1672,1227,138,1069,1431,823,239,340
406,980,171,107,329,88,82,1503,2,301,19,288,197,69,936,806
165,348,73,190,30,152,834,0,1699,203,458,43,1035,1581,70
287,107,337,515,356,8,1158,197,196,42,743,1838,87,388
392,34,371,248,256,26,8,259
776,859,788,160,25,213,864,1105,155
55,83,93,698,382,863,1116,25,1433,788,259,1561,22,349
80,345,410,382,1399,169,288,420,126,8,66
2,80,15,256,22,130,537,85,34,244,160,1116,85,580,163,1399,410
123,1188,1819,162,206,43,41,219
1762,465,21,367,1540,925,1378,980,118,56,603,260,115,274,505,773
808,116,1150,558,117,13,89,1326
571,97,1213,639,263,159,710,564,468,251
1948,888,555,571,10,639,104,2,31,26,1323,1032,1252
58,350,119,1630,10,40,558,50,360
1216,10,198,51,25,10,737,1007
38,957,673,121,980,1424,164,68,564,360,13
58,116,9,22,840,81,215,412
253,1,2,80,37,1015,1116,1748,245,22
125,36,229,428,96,77,741,180,43
130,719,85,3,1421,213,3,17,530,1516,1399,410
980,1562,1152,969,8,527,436,213,1123,69
3,83,360,1135,633,267,675,114,711,1949,49
263,100,8,1,126,610,274,415,4,57,20,483
223,754,526,541,646,1312,1213,113,24
116,370,1514,333,32,52,1439,730
146,33,104,63,336,319,1032,542,112
327,921,162,87,625,34,63,81
99,0,208,62,21,578,56,926,307,18,470,52
161,100,1836,625,548,105,26,711,94,812,620,10,566
329,238,129,46,28,1022,588,6,42,1451,281
247,20,889,635,234,0,92,142,49,63,186,1184
1306,59,1888,533,344,867,504,1131
293,0,1505,25,85,795,303,205,0,1672
985,104,260,792,1250,1198,111,504,13
45,19,257,19,105,365,104,1874,904
6,9,312,148,1625,73,370,4
1775,916,147,688,40,1782,530,22,164,0,1488
101,49,29,81,124,1037,0,1409,275,209,286
12,146,23,23,624,56,1670,1170,3,13,78,515,122
637,672,86,90,1,292,287,123,757,1212,56
1208,399,11,27,207,786,1489,1026,206,41,246,995
211,809,42,522,935,56,338,796,632,534,300
25,29,351,470,5,86,241,665
230,56,1628,21,917,194,174,0,530,202
1,63,81,1113,277,572,32,16
50,553,194,558,263,168,559,0,625,581,595,1507,32,53,306
70,129,112,470,920,263,19,128,1473
2,130,1890,79,8,802,640,114,711,314,0,202
1365,1301,801,924,171,184,24,9,171,112,342,3
113,1525,64,4,51,239,164,406,55,1971,376,72,47,113
108,37,75,37,232,161,97,759,1398,1568,447
647,171,141,315,505,5,266,932
3,330,216,1058,219,1830,1239,5,86,356
1065,12,295,1,246,297,599,9,686,84,42
1568,70,198,21,412,262,1132,61,634,1399,410
106,271,1154,271,1132,271,14,19,3
165,340,1469,68,11,1381,155,61,1707,164,3,826,1132,845,315
572,564,116,230,1525,1628,397,1230,1314
1188,81,40,117,22,405,17,286,9,130,622,426,549,1562
869,924,412,365,119,162,9,4,11,185,388
196,972,21,95,171,68,184,914,360,13
117,450,938,345,622,412,163,278,22,1430,6,9,117,530,1021
68,44,61,13,360,529,1206,155,261,26,21,117,47,155,253,163
69,677,6,57,567,86,769,115,271
299,198,1196,1959,1507,4,170,55
187,336,44,61,428,1032,345,410,6,9,162,398
97,759,1398,323,105,49,564,506,1073,924,1648,3,83,360
125,182,1646,171,64,360,13,187,26,155,61,1736,21,144,360,829,1073,635,107,0,677
6,333,315,176,388,86,3,223,1961,8,138,243,13
149,272,175,9,48,802,677,1073
511,34,320,2,116,241,85,144,394,1032,32,145
141,353,1026,222,42,154,274,1084,367
887,45,151,83,1561,22,115,253,262,5,430,85,367,3,83,181,698,789
6,42,51,772,115,290,26,719,22,501,451,95,1166,316,119,8,198,49
70,20,32,481,177,825,541,181
117,85,580,86,9,153,751,79,199,156,1399,410,69,239,424,1032,160
776,285,751,504,5,324,776,285,68,1279,1370,5,336
75,130,30,290,719,316,94,504,329,117
140,39,382,530,61,504,867,1032,49,119
68,504,27,85,1032,293,126,1073,498,338,744,1026,181,1146
504,290,410,227,8,744,181,1289
23,1994,124,39,986,113,124,630
211,34,45,225,292,1761,530,61,865,6,9,529,117
5,119,335,61,529,168,711,1538,171,1674,1073,1648,360,662,939,209,1222,647,370,6,416
111,343,749,645,237,45,19,710
292,109,61,945,9,360,1219,297,1532
42,126,141,564,679,32,82,1960,402,924,6,37,73,86,1825,266
116,1544,97,759,34,440,655,898,437,884,293,89,81,498,735,400,1944,46,159,1241,830,1252
1133,183,583,68,19,1517,836,141,1239,4,9,13,907,24
141,5,45,1867,1107,89,6,603
17,0,171,164,55,1549,156,230,25,233,10,99,173,378,29,33
29,179,532,133,420,836,1,980,714
14,10,402,37,104,2,97,759,1398
519,742,875,5,271,1747,921,50,60,2,1293,1329,358,669,894,246,240,1060,1234
1506,144,90,151,902,710,8,683,28,38,138,566,913,37,728,276,35,201,209,1737,398,123,717,10,1217,276,21,828,1729,46,1722
131,144,57,95,69,490,1079,697,123,131,538,91,489,178,753,1145,1283,1439,94,0,683,247,148,209,416,173,542,101
41,118,379,1567,24,50,444,144,274,65,265,505
444,56,757,1014,152,624,269,83,192,111,21,208,62
779,1155,285,34,61,36,162,319,810
774,1526,371,365,1755,1462,695,202,113,72
60,2,465,56,320,358,989,422,78,63,1422,276,546,972,1326,1521,0,770
20,50,1421,152,1459,69,490,691,192,165,44,442,28,390,102,1351,1342,251,1264,925
93,24,635,145,354,963,265,448,48,447,919,313,589,5,829,322,717,801,1160,24,335,703,513
149,272,420,133,420,6,165,51,80,706,241,995,1933,828
8,472,41,787,334,634,100,554,96,77
587,94,0,42,345,1781,149,7
2,1089,781,204,936,736,762,1786
292,388,449,1560,107,499,75,1887,605,607
106,228,705,758,35,1146,226,157
1152,172,618,454,27,36,1770,312,115,30,52,665
637,559,159,1,238,405,1627,185,448,1272,432,6,76,554,70,131,4,390,138,51
6,9,2,754,367,312,1691,280,287
17,546,446,1671,1321,1302,254,340,239
1786,258,67,1,266,346,25,518,351,346,294,1212,79,1225,1025,39,86,736
63,8,189,179,385,290,463,431,124
1831,1786,855,124,99,66,99,191,255,9,204,153,59,32,601
257,8,279,77,1700,718,119,501,3,3,781,9,204,153,4,601
16,99,63,191,501,8,279,547,39,48,1569,370
1454,5,308,27,133,319,834,1155,1228,0,1228,1344,152,1444,830,544,1192,17,1609,77,211
23,186,47,978,136,59,1749,48,1569
6,355,762,964,620,77,1404,1406
613,507,10,29,583,243,183,268
188,45,9,131,17,0,27,44,79,194
154,1455,1,308,1506,446,43,25,8,860,756,371,27,1125,96,77,221,1465,10,484,8,735,889
177,1314,1125,133,1903,72,125,1930,190,46,127,12,8,47,1056
8,1080,207,507,1345,88,1658,46,14,131,1189
699,4,159,38,925,4,368,8,1371,135,32,100,548,142,1371,77,32
76,782,172,32,100,4,480,8
543,1802,93,43,6,9,899,117,27,348
8,473,135,77,473,12,793,77,473,19,781
152,87,78,86,73,269,15,120,35,1629,0,27,6,145,1295,334,1844,1379,643
16,173,41,123,222,643,792,762,446,1
2,156,26,445,39,8,138,25,114,1001,0,202,385,76,204,118,101
339,185,409,526,24,246,438,429
408,29,1443,14,46,1583,29,159
528,1640,151,31,26,1193,204,94,82,44,294,143,188
149,48,495,1569,600,276,282,366,76,204
135,1680,852,995,449,4,36,782,172,56
328,45,31,735,3,3,1370,149,477,876,4,14,613,16
206,106,964,1642,6,145,50,403,463,1525,488,19,237,813,0,92,197,1445,1465,10,999
70,45,57,498,137,36,1362,190,24,243
16,48,495,129,46,536,157,1,2,308
122,135,891,236,24,485,229,337,473,84,30,255,844
70,164,1052,4,161,582,175,145
689,8,313,404,102,11,30,518
246,1,40,454,813,137,1299,450,41,96,77,16,296,57,241
116,894,39,70,59,305,373,185,800,448,942,115
1061,1465,929,1474,95,699,92,125,126,204,204,5,1239,47,887,471,460
2,144,152,894,221,146,124,1112,386,1762,24,49,959,13,1704
72,4,142,510,1756,273,112,936,736
1703,1549,294,23,275,3,81,14,59,2,536,3,1953,1717,894,1939,4,128,81,64,309,23,624,56
1309,233,408,29,16,0,30,111,1041,1582
2,1403,56,78,30,117,1356,314,385,713
1014,29,95,449,1986,8,371,895,1796,244,855,1315
1374,860,1666,72,386,170,633,5,1248
49,1155,8,344,436,920,1336,756,95,280
12,90,1,3,129,59,36,343,19,17,523,553,1722,731
1458,90,39,0,448,217,196,474,683,308,403
410,1809,817,507,616,1431,250,1200,190,1567,112,155,73,170,31,137,251
17,942,34,684,790,183,457,1539,996,12,8,513
14,1538,10,31,67,67,94,353
77,15,145,198,193,1033,53,229
364,1278,806,4,764,134,151,12
1104,460,515,383,18,106,64,119,15
180,1390,1643,539,62,1233,453,39,96,77,119,15
156,128,11,439,56,126,8,141,638
2,795,69,464,789,512,192,1671,340
75,94,10,37,215,190,1221,7
1,403,736,403,213,392,1325,34,1093,725,1411
288,85,576,114,83,1667,684,1994,1859,427,475,419,160,22
288,160,1370,34,576,85,183,214,1084
1910,742,875,1045,160,530,22,276,103,94
1157,718,1440,112,1134,42,135,507
2,1219,41,15,375,21,208,62
39,465,115,35,357,1057,14,165,235
918,871,277,364,67,1893,507,75,135,477,198
477,6,235,842,47,281,309,19,88,96,135
95,436,43,937,320,3,194,84,8,175,122
4,778,334,451,70,17,0,27
70,873,1510,507,0,129,53,215,1958,8,843
190,178,107,1009,1573,1860,613,954
100,522,843,41,3,393,1345,181,47,50,737,8,380
3,1280,101,34,411,107,900,826
712,103,1291,5,1534,206,1701,1039,1338
1280,799,452,1541,20,21,408,3,267,755
25,29,511,742,875,178,485,656,7
74,58,1,59,35,1177,48,495,745,151,293,206
64,289,0,230,21,4,38,91,604,1177
119,1630,213,21,788,622,646,160,34,114,69,61,245,304
231,130,83,21,385,51,1223,239,112,340
231,45,260,925,53,35,308,152,13,1753,1983,1089,17,0,27
231,182,50,20,1530,699,29,32,399,172,31,8
25,29,688,805,198,1151,1639,1052
399,172,152,61,200,1267,1268,239,718,773,164
13,1991,803,136,8,899,32,745,0,941,556,150
150,307,147,672,356,182,1188,1774,255,903,399,172
2,929,297,195,526,805,6,122
142,241,144,59,27,49,61,297,891,9,31,163,26
850,470,70,890,1053,802,544,1013
408,1610,1658,91,1013,43,296,8,440,9,163
324,120,45,1649,5,256,259,93,5,436,601,41,17,305
191,351,20,152,61,867,449,172,109,5,259
64,123,229,10,639,8,1272,581,717,407
660,40,680,911,979,234,213,1286,803
99,343,173,111,712,1601,5,153
712,108,1388,84,81,327,145,174,0
38,921,112,170,590,81,35,178,994
851,3,25,81,688,331,17,478,61,25,233,56
403,81,859,160,34,1810,528,618,29
256,1634,403,677,967,125,803,899,742,875
1103,213,1097,727,180,922,71,1710
130,537,244,859,579,899,0,83
3,42,507,230,385,1345,225,1082,21,8,101
111,1408,1083,21,25,1048,3,917,44,1149,3,270
790,75,25,1956,82,35,1676,49,207,1629,66,656,1083
411,32,840,499,79,486,323,44
104,185,206,1083,1,54,24,231,301,91,552,44,1083,270
2,228,838,38,737,190,34,89
22,27,382,671,712,44,601,1840,270
231,11,22,486,13,17,27,46,581,226,85,5,1262
1069,116,130,288,442,1981,85,83,6,9,61,183,34
30,1,41,47,601,958,21,3,649
2,218,125,601,21,12,192,31
262,115,1449,131,115,1449,186,263
231,712,135,64,125,1111,21,68,184,213,180,1956,971,22
1142,1338,378,857,42,23,916,486,22
8,426,160,59,55,1359,1015,124
85,267,114,22,285,75,656,44
382,917,21,25,61,3,3,779,42,95,1755,1451
687,22,155,244,335,840,3,786,525,864,230,3,124,644,455,840,1454,1723
22,1348,701,649,61,335,72,6,9,1755,1021,21,162
253,426,691,1027,22,373,423,32,955,182,40,234,137,169,21,68,899,117,1317,300,8,95,1526,22
1078,722,182,59,126,474,13,163,1337,172
112,91,590,299,308,1864,1725,1501,27,396
91,203,1254,116,279,221,561,34,104,263,35,1728
769,106,23,129,660,22,1103,32,1388,292,712,176,42,141,3,1176,896,1860,843,4,1947,170,763
412,1746,174,221,81,1776,70,9
976,105,128,11,1033,56,19,26,114,233,7
231,31,540,49,42,19,17,507
65,405,775,21,13,303,741,0,27
41,625,24,36,1167,350,48,495
6,606,798,59,486,0,4,24,773
704,106,477,48,876,231,292,55,1,198,1025
5,259,1372,65,106,1148,350,172,36,760,1658,68,582,1829,48,231,845,470,1006,891,363
149,90,1040,5,320,653,95,507,716
507,1510,499,921,204,1234,308,88,1295,441,915,457,350,471
74,108,15,791,299,302,145,457,843
38,73,364,245,742,875,91,934
1857,818,162,128,860,36,695,95,170,1374,1402,316,34,42,48,495,256,308
634,30,18,228,9,124,180,87
117,450,1353,22,140,426,39,160,48,495,815
90,91,321,18,9,204,52,30
1,2,403,1269,48,495,839,184,1750
73,165,910,5,107,22,21,5,319,1066,13
48,495,817,455,521,60,2,428,300
167,155,160,22,121,2,187,450,254
165,245,530,40,817,769,234,474,340
1870,5,344,27,847,1046,23,1171,83,22
2,187,85,1359,34,712,261,163,15
922,180,1403,231,1344,1492,817,0,288
290,1919,585,886,371,1932,82,484,133,1047
289,0,1630,1075,712,516,577,135,6,522
434,48,964,108,12,737,4,164,522,1349
212,257,108,15,232,247,92,19,406,82,162
228,52,113,1,118,6,1585,156,798
1975,87,292,3,253,65,48,876,65
53,470,166,48,876,20,88,277
694,36,37,153,53,173,297,725,215,7
16,6,437,48,876,55,485,1034,53,1,73,80,523,7
141,402,342,357,11,300,4,76,513,4,100,88,70,20,91,586
175,252,78,204,277,6,66,189
156,167,63,867,899,403,206,293,52,399,96,5,315,5,6
434,1,2,14,38,138,51,15,52,24,1318,113,569,237
168,48,495,217,255,105,1752,7
5,38,34,215,1213,608,695,1637,760,102
30,440,38,5,175,1338,438,218,884,198
712,1,2,223,113,523,1191,15
231,14,90,295,48,495,26,1033,41,123,157,3
1781,705,311,1027,34,742,875,160,22
231,142,850,5,866,870,1410,241,1509,135
82,193,111,826,375,12,35,231,427,178,64,730,183
48,231,277,1722,612,29,1173,562,1212
48,1950,495,65,2,123,1099,102,903,687,3,313,89,732,224,215,243,422
124,71,332,771,519,60,2,564,124,71,332,771,519,60,2,1550,103
1055,71,332,1122,1486,1079,1383,3,111,1486
662,176,86,1031,86,429,883,1788
1722,1090,170,881,456,467,66,183,612,992,462,496,71,139,347,33,982,71,139,1996,877
71,332,1739,877,10,66,442,771,758,294,1031
10,66,771,686,638,1234,33,1109,805,1717
10,931,276,49,10,472,153,662,176,771,982,1307
205,379,612,379,71,332,612,747,150,496,66,33,982,71,139,1249,763,496,347,33,66,496,33,33,598,30,71,332,807,998,467,379,71,139,612,1550,1130
456,467,66,1789,71,139,347,33,627
150,66,183,71,139,347,33,892,150,161,807,936,467,612,1766,1229,597
807,467,597,19,903,66,104,1358,462,71,139,347,33,692
740,664,1773,462,952,71,139,347,33,807,913,467,597,10,1773,1008,226,740,664,170,881,575,627
10,66,598,30,347,33,339,807,913,467,597
101,71,139,347,33,42,86,998,379,467,597
1553,101,71,139,347,33,140,467,597,145,1084,763,849,952,71,139,347,33
71,332,770,821,395,395,883,1368,71,139,347,33
1346,33,883,513,662,176,1400,662,176,700,55,844,462,496,805,1224,1787,1234,33,33,69,553,71,332,723
132,197,1519,71,139,1249,763,952,347,33,983,888,71,139,33,1566,467,597,236,71,139,103,598,33
893,998,467,597,236,33,1570,379,71,139,612,888,86,442,545
335,662,176,1304,513,268,1464,467,597,462,1224,805,496,1787,1234,33,33,71,139,33
395,52,729,883,1783,33,268,335,662,176
140,1774,1801,1108,1045,952,379,71,139,612,19,107,462,71,139,33,33,71,332,107,71,332,598,952,1224,805,508,462,496,771,66,355,662,176,183,665,1478,528
10,462,100,49,467,71,332,612,882,771,1130
1400,662,176,1304,513,268,1400,66,771
1346,71,139,347,33,1234,982,1307
1789,548,952,33,71,332,598,107,33,19,998,269,1098,575,627
1346,71,139,347,33,670,1031,883,562,66,496,19,998,575,627
1464,467,1108,71,139,612,33,670,1031,883,562,39,672,33
723,379,71,139,612,467,33,1550,1204,183,33,33,598,71,139
462,1224,805,496,1789,347,33,183,347,33,86,1224,1774,170,881,575,627
10,496,33,1714,316,349,882,73,1412,349
45,548,952,496,462,71,139,33,1570,933,1570,66,668,670,668,71,139,1373,1715,1130
1573,1570,19,882,379,71,139,612,575,627
442,664,952,508,1224,805,462,496,71,139,33,758,998,575,627
10,442,148,664,462,548,952,496,71,139,347,33,548,429,1788,664,1234,66,71,139,33,66,641,177,66,1905,1120
664,1365,1385,71,139,877,807,565,1788,575,71,332,770,821,395
1788,19,740,169,29,140,587,1162,1264,1098,1162,1120,104
1788,701,316,476,71,332,770,821,395,282,1245,1308,383,565,71,332,770,821,395
548,379,1008,189,740,366,169,29,807,467,379,71,139,612
19,1098,104,1358,462,33,692,1790,66,952,462,71,139,33
998,467,597,763,496,71,139,33
127,442,664,496,71,139,347,33,1857,33,581,467,170,881,597,19,1773,1031,366,71,332,770,821,395,71,332,877,1385,71,139,877
71,332,1122,243,794,1908,883,1717,33,982,1307
794,71,139,347,33,1790,10,10,1204,1214,812,1144,1742,883,1766,1229,1214,1401,1790,1401,150
812,1791,1792,1401,610,55,1079,1008,815,575,627
71,332,770,821,395,1385,71,139,877,1003,496,71,139,347,33,597,1792,1401,1478,735,882,1264,664
807,1952,1791,1952,1815,610,548,575,627
807,395,877,1385,597,1221,305,1401,42,100,602,122,1401
812,55,1079,1008,679,1214,347,33,169,29,294,294,1008,189,740,606,424,806,226,294,33
294,33,1790,19,104,1790,424,806
226,548,1214,33,10,548,1079,462,1008
294,33,347,226,548,10,1677,100,324,1966,294,33,347,1008
324,462,154,1214,10,1008,366,86,1966,811,313
610,812,55,1079,1008,170,881,575,627
1791,390,741,882,812,1791,613,638
176,466,1792,608,1791,812,608,1401
1792,812,170,881,597,513,176,1905,597,597,18,52,1792,812,1905,176,513
807,675,395,877,1385,1051,395,355,548,462,71,139,347,33,1979,597,1122,598,496,71,139,347,33,1478,735,882,1264,664,140,209,306,496,71,139,33,1477,1464,71,139,33,1010,1214,209
383,1249,71,139,71,139,763,496,347,33,1570,1998,882,111,1976,280
1495,794,475,1122,565,339,130,178
1122,1519,548,1122,291,328,245,71,139,71,139,1368,237,983,456,11
71,332,770,821,395,1787,548,503,849,71,139,849,456
437,71,332,770,821,395,794,565,145,9,1245,1308,395,383,941,1130
383,71,332,770,821,395,71,332,770,821,395,1010,513,176,1120,1783,1143
71,332,770,821,395,1120,828,379,1307
395,1292,279,282,492,1122,1172,1400
1496,1108,587,1496,383,39,395,1373,1715,668,941,1130
383,565,71,332,770,821,395,71,139,906,0,86,1897,420,1519,565,184,1249,1445,614,420,612,33,983,496,628,349,952,882
201,93,565,627,1246,240,1120,1783
395,1056,998,513,565,176,662,176
1566,1098,57,243,794,35,201,664,484,236,1098
606,565,460,1783,1566,852,176,540,1130
176,215,1098,12,936,565,176,660,15,762,565
565,1418,936,52,753,729,1120,565,294,335,662,176
747,1304,71,332,1373,941,565,641,282
565,936,614,30,882,1304,1352,1000,565
1551,71,139,1996,347,33,6,983,888,355
67,1055,496,71,139,771,1388,1122,1519
71,139,771,778,1787,247,931,1486,1513,982,883,1307
1373,1715,882,383,71,139,882,52,565,71,332,770,821,395,145,1055,280,771,232,280,771
